{
 "1080p": {
  "30": {
   "JPEG": {
    "114.212.81.11": 0.03318776289621985,
    "172.27.143.164": 0.018037788073221792,
    "172.27.151.145": 0.07252951463063553
   }
  },
  "20": {
   "JPEG": {
    "114.212.81.11": 0.02873892651663881,
    "172.27.143.164": 0.016516655021243578,
    "172.27.151.145": 0.05802602900399099
   }
  },
  "10": {
   "JPEG": {
    "114.212.81.11": 0.02007811930444501,
    "172.27.143.164": 0.011175388760036839,
    "172.27.151.145": 0.03515623874134484
   }
  },
  "5": {
   "JPEG": {
    "114.212.81.11": 0.012193858888414118,
    "172.27.143.164": 0.006126484606001071,
    "172.27.151.145": 0.019573018285963226
   }
  },
  "1": {
   "JPEG": {
    "114.212.81.11": 0.004553694847302508,
    "172.27.143.164": 0.0014308684911482938,
    "172.27.151.145": 0.005064162841209946
   }
  }
 },
 "720p": {
  "30": {
   "JPEG": {
    "114.212.81.11": 0.029401853451361967,
    "172.27.143.164": 0.01835583845774327,
    "172.27.151.145": 0.04859720071156815
   }
  },
  "20": {
   "JPEG": {
    "114.212.81.11": 0.028556958834330196,
    "172.27.143.164": 0.016924364036983868,
    "172.27.151.145": 0.04993990394804209
   }
  },
  "10": {
   "JPEG": {
    "114.212.81.11": 0.01825881467925173,
    "172.27.143.164": 0.010176101658079306,
    "172.27.151.145": 0.032265430026584156
   }
  },
  "5": {
   "JPEG": {
    "114.212.81.11": 0.012390665213266957,
    "172.27.143.164": 0.005987895859612311,
    "172.27.151.145": 0.020775556564331006
   }
  },
  "1": {
   "JPEG": {
    "114.212.81.11": 0.004542127878237939,
    "172.27.143.164": 0.0014053237743866269,
    "172.27.151.145": 0.0048206445498343705
   }
  }
 },
 "480p": {
  "30": {
   "JPEG": {
    "114.212.81.11": 0.025558107327192204,
    "172.27.143.164": 0.017356443405151332,
    "172.27.151.145": 0.051095414161682104
   }
  },
  "20": {
   "JPEG": {
    "114.212.81.11": 0.02517451445261633,
    "172.27.143.164": 0.015415929423438139,
    "172.27.151.145": 0.04312067959043711
   }
  },
  "10": {
   "JPEG": {
    "114.212.81.11": 0.017503109243180968,
    "172.27.143.164": 0.009741905662748494,
    "172.27.151.145": 0.03321128222677438
   }
  },
  "5": {
   "JPEG": {
    "114.212.81.11": 0.010985356966654408,
    "172.27.143.164": 0.005462001429663719,
    "172.27.151.145": 0.01945204999711774
   }
  },
  "1": {
   "JPEG": {
    "114.212.81.11": 0.004437000669984693,
    "172.27.143.164": 0.0013505226526504468,
    "172.27.151.145": 0.0052533733539091715
   }
  }
 },
 "360p": {
  "30": {
   "JPEG": {
    "114.212.81.11": 0.026146128238775747,
    "172.27.143.164": 0.01683652400970454,
    "172.27.151.145": 0.05108440717061356
   }
  },
  "20": {
   "JPEG": {
    "114.212.81.11": 0.02546062469482417,
    "172.27.143.164": 0.016420838567945642,
    "172.27.151.145": 0.06245688332451711
   }
  },
  "10": {
   "JPEG": {
    "114.212.81.11": 0.015981464915805346,
    "172.27.143.164": 0.009634786844253486,
    "172.27.151.145": 0.04101042482588023
   }
  },
  "5": {
   "JPEG": {
    "114.212.81.11": 0.010470327271355476,
    "172.27.143.164": 0.005388454596201541,
    "172.27.151.145": 0.022234075599246513
   }
  },
  "1": {
   "JPEG": {
    "114.212.81.11": 0.004426555103725807,
    "172.27.143.164": 0.0013694524765014197,
    "172.27.151.145": 0.005240831619653893
   }
  }
 }
}