{
 "1080p": {
  "30": {
   "JPEG": {
    "114.212.81.11": 0.10094625949859616,
    "172.27.143.164": 0.32154097557067873,
    "172.27.151.145": 0.23847217162450154
   }
  },
  "20": {
   "JPEG": {
    "114.212.81.11": 0.06795788341098358,
    "172.27.143.164": 0.19629842970106334,
    "172.27.151.145": 0.1739477846357557
   }
  },
  "10": {
   "JPEG": {
    "114.212.81.11": 0.050415991412268706,
    "172.27.143.164": 0.12452348007096181,
    "172.27.151.145": 0.10986547536320154
   }
  },
  "5": {
   "JPEG": {
    "114.212.81.11": 0.02834408601125077,
    "172.27.143.164": 0.07038790252473612,
    "172.27.151.145": 0.06069333420859439
   }
  },
  "1": {
   "JPEG": {
    "114.212.81.11": 0.009273368334158821,
    "172.27.143.164": 0.014611819462898397,
    "172.27.151.145": 0.015269699769142296
   }
  }
 },
 "720p": {
  "30": {
   "JPEG": {
    "114.212.81.11": 0.06827862751789576,
    "172.27.143.164": 0.18088201284408567,
    "172.27.151.145": 0.19239220221837358
   }
  },
  "20": {
   "JPEG": {
    "114.212.81.11": 0.06571656730439925,
    "172.27.143.164": 0.16207218435075543,
    "172.27.151.145": 0.17782394621107314
   }
  },
  "10": {
   "JPEG": {
    "114.212.81.11": 0.04834593534469601,
    "172.27.143.164": 0.10492622521188519,
    "172.27.151.145": 0.11085833509763078
   }
  },
  "5": {
   "JPEG": {
    "114.212.81.11": 0.02951096084382794,
    "172.27.143.164": 0.05996809138192065,
    "172.27.151.145": 0.06406565507253006
   }
  },
  "1": {
   "JPEG": {
    "114.212.81.11": 0.009373970969110428,
    "172.27.143.164": 0.013599046377035242,
    "172.27.151.145": 0.014719161314841989
   }
  }
 },
 "480p": {
  "30": {
   "JPEG": {
    "114.212.81.11": 0.07008481637025486,
    "172.27.143.164": 0.1762909650802612,
    "172.27.151.145": 0.19381863673528035
   }
  },
  "20": {
   "JPEG": {
    "114.212.81.11": 0.07230637073516842,
    "172.27.143.164": 0.16115506092707313,
    "172.27.151.145": 0.17783165110482108
   }
  },
  "10": {
   "JPEG": {
    "114.212.81.11": 0.04556329184108307,
    "172.27.143.164": 0.1033037874433729,
    "172.27.151.145": 0.11509533127148944
   }
  },
  "5": {
   "JPEG": {
    "114.212.81.11": 0.027546916007995564,
    "172.27.143.164": 0.058107778761121914,
    "172.27.151.145": 0.06448649697833587
   }
  },
  "1": {
   "JPEG": {
    "114.212.81.11": 0.011889495136391362,
    "172.27.143.164": 0.013750904034345533,
    "172.27.151.145": 0.014937920448107546
   }
  }
 },
 "360p": {
  "30": {
   "JPEG": {
    "114.212.81.11": 0.08129866000933521,
    "172.27.143.164": 0.179303236802419,
    "172.27.151.145": 0.20056977669397988
   }
  },
  "20": {
   "JPEG": {
    "114.212.81.11": 0.06322391960355968,
    "172.27.143.164": 0.1658728175693088,
    "172.27.151.145": 0.18695734077029755
   }
  },
  "10": {
   "JPEG": {
    "114.212.81.11": 0.043051124943627214,
    "172.27.143.164": 0.10256089899275031,
    "172.27.151.145": 0.11807337933116484
   }
  },
  "5": {
   "JPEG": {
    "114.212.81.11": 0.02798663006888491,
    "172.27.143.164": 0.05887013408872813,
    "172.27.151.145": 0.06537915468215937
   }
  },
  "1": {
   "JPEG": {
    "114.212.81.11": 0.00951478489443783,
    "172.27.143.164": 0.01408359607060746,
    "172.27.151.145": 0.015450309484432862
   }
  }
 }
}