{
 "1080p": {
  "30": {
   "JPEG": {
    "114.212.81.11": 0.021991445468022223,
    "172.27.143.164": 0,
    "172.27.151.145": 0
   }
  },
  "20": {
   "JPEG": {
    "114.212.81.11": 0,
    "172.27.143.164": 0.009508216381072949,
    "172.27.151.145": 0.051961247126261344
   }
  },
  "10": {
   "JPEG": {
    "114.212.81.11": 0,
    "172.27.143.164": 0.02199813127517696,
    "172.27.151.145": 0
   }
  },
  "5": {
   "JPEG": {
    "114.212.81.11": 0,
    "172.27.143.164": 0,
    "172.27.151.145": 0
   }
  },
  "1": {
   "JPEG": {
    "114.212.81.11": 0.0033567099693493437,
    "172.27.143.164": 0,
    "172.27.151.145": 0
   }
  }
 },
 "720p": {
  "30": {
   "JPEG": {
    "114.212.81.11": 0,
    "172.27.143.164": 0,
    "172.27.151.145": 0
   }
  },
  "20": {
   "JPEG": {
    "114.212.81.11": 0,
    "172.27.143.164": 0,
    "172.27.151.145": 0
   }
  },
  "10": {
   "JPEG": {
    "114.212.81.11": 0.02315120895703631,
    "172.27.143.164": 0,
    "172.27.151.145": 0.042864112059275254
   }
  },
  "5": {
   "JPEG": {
    "114.212.81.11": 0,
    "172.27.143.164": 0,
    "172.27.151.145": 0.02345421314239498
   }
  },
  "1": {
   "JPEG": {
    "114.212.81.11": 0.0024205760726561387,
    "172.27.143.164": 0,
    "172.27.151.145": 0.00921796224056142
   }
  }
 },
 "480p": {
  "30": {
   "JPEG": {
    "114.212.81.11": 0.015813547831315215,
    "172.27.143.164": 0.02848577040892377,
    "172.27.151.145": 0
   }
  },
  "20": {
   "JPEG": {
    "114.212.81.11": 0.01933322747548416,
    "172.27.143.164": 0,
    "172.27.151.145": 0
   }
  },
  "10": {
   "JPEG": {
    "114.212.81.11": 0.0108536222042181,
    "172.27.143.164": 0,
    "172.27.151.145": 0
   }
  },
  "5": {
   "JPEG": {
    "114.212.81.11": 0,
    "172.27.143.164": 0.00413562655448909,
    "172.27.151.145": 0
   }
  },
  "1": {
   "JPEG": {
    "114.212.81.11": 0.002551876371487539,
    "172.27.143.164": 0,
    "172.27.151.145": 0
   }
  }
 },
 "360p": {
  "30": {
   "JPEG": {
    "114.212.81.11": 0.017100353424365673,
    "172.27.143.164": 0.018978103613242075,
    "172.27.151.145": 0.03602290153503413
   }
  },
  "20": {
   "JPEG": {
    "114.212.81.11": 0.016010883450508072,
    "172.27.143.164": 0.013229204752506302,
    "172.27.151.145": 0.029965813954671176
   }
  },
  "10": {
   "JPEG": {
    "114.212.81.11": 0.01185223200382325,
    "172.27.143.164": 0,
    "172.27.151.145": 0.030481596100024645
   }
  },
  "5": {
   "JPEG": {
    "114.212.81.11": 0.0111948297064528,
    "172.27.143.164": 0,
    "172.27.151.145": 0.015452506267107405
   }
  },
  "1": {
   "JPEG": {
    "114.212.81.11": 0.002522373202397554,
    "172.27.143.164": 0.0034458609442425134,
    "172.27.151.145": 0
   }
  }
 }
}