{
    "4": {
        "0": {
            "center": [
                0.0,
                0.0,
                0.0
            ],
            "section_ids": [
                "reso=0-fps=0-encoder=0"
            ],
            "score": 0.32702343747494433
        },
        "1": {
            "center": [
                4.0,
                9.0,
                0.0
            ],
            "section_ids": [
                "reso=0-fps=9-encoder=0",
                "reso=8-fps=9-encoder=0"
            ],
            "score": 0.5006923348150746
        },
        "2": {
            "center": [
                8.0,
                0.0,
                0.0
            ],
            "section_ids": [
                "reso=8-fps=0-encoder=0"
            ],
            "score": 0.54760366221403
        }
    },
    "5": {
        "0": {
            "center": [
                7.333333333333333,
                4.666666666666667,
                0.0
            ],
            "section_ids": [
                "reso=8-fps=0-encoder=0",
                "reso=8-fps=9-encoder=0",
                "reso=6-fps=5-encoder=0"
            ],
            "score": 0.7314203410276959
        },
        "1": {
            "center": [
                0.0,
                9.0,
                0.0
            ],
            "section_ids": [
                "reso=0-fps=9-encoder=0"
            ],
            "score": 0.30680777223196387
        },
        "2": {
            "center": [
                0.0,
                0.0,
                0.0
            ],
            "section_ids": [
                "reso=0-fps=0-encoder=0"
            ],
            "score": 0.32702343747494433
        }
    },
    "6": {
        "0": {
            "center": [
                4.5,
                1.75,
                0.0
            ],
            "section_ids": [
                "reso=0-fps=0-encoder=0",
                "reso=8-fps=0-encoder=0",
                "reso=6-fps=5-encoder=0",
                "reso=4-fps=2-encoder=0"
            ],
            "score": 0.8699448799311433
        },
        "1": {
            "center": [
                0.0,
                9.0,
                0.0
            ],
            "section_ids": [
                "reso=0-fps=9-encoder=0"
            ],
            "score": 0.30680777223196387
        },
        "2": {
            "center": [
                8.0,
                9.0,
                0.0
            ],
            "section_ids": [
                "reso=8-fps=9-encoder=0"
            ],
            "score": 0.2908346531735763
        }
    },
    "7": {
        "0": {
            "center": [
                7.0,
                7.0,
                0.0
            ],
            "section_ids": [
                "reso=8-fps=9-encoder=0",
                "reso=6-fps=5-encoder=0"
            ],
            "score": 0.5585777283149155
        },
        "1": {
            "center": [
                4.0,
                0.666666666666667,
                0.0
            ],
            "section_ids": [
                "reso=0-fps=0-encoder=0",
                "reso=8-fps=0-encoder=0",
                "reso=4-fps=2-encoder=0"
            ],
            "score": 0.8709855884160261
        },
        "2": {
            "center": [
                1.0,
                7.5,
                0.0
            ],
            "section_ids": [
                "reso=0-fps=9-encoder=0",
                "reso=2-fps=6-encoder=0"
            ],
            "score": 0.5742921877697829
        }
    },
    "8": {
        "0": {
            "center": [
                3.5,
                1.5,
                0.0
            ],
            "section_ids": [
                "reso=0-fps=0-encoder=0",
                "reso=8-fps=0-encoder=0",
                "reso=4-fps=2-encoder=0",
                "reso=2-fps=4-encoder=0"
            ],
            "score": 0.872290857002706
        },
        "1": {
            "center": [
                7.0,
                7.0,
                0.0
            ],
            "section_ids": [
                "reso=8-fps=9-encoder=0",
                "reso=6-fps=5-encoder=0"
            ],
            "score": 0.5585777283149155
        },
        "2": {
            "center": [
                1.0,
                7.5,
                0.0
            ],
            "section_ids": [
                "reso=0-fps=9-encoder=0",
                "reso=2-fps=6-encoder=0"
            ],
            "score": 0.5742830769210548
        }
    },
    "9": {
        "0": {
            "center": [
                4.0,
                0.666666666666667,
                0.0
            ],
            "section_ids": [
                "reso=0-fps=0-encoder=0",
                "reso=8-fps=0-encoder=0",
                "reso=4-fps=2-encoder=0"
            ],
            "score": 0.8711530287763415
        },
        "1": {
            "center": [
                8.0,
                9.0,
                0.0
            ],
            "section_ids": [
                "reso=8-fps=9-encoder=0"
            ],
            "score": 0.2908346531735763
        },
        "2": {
            "center": [
                2.4,
                5.8,
                0.0
            ],
            "section_ids": [
                "reso=0-fps=9-encoder=0",
                "reso=6-fps=5-encoder=0",
                "reso=2-fps=6-encoder=0",
                "reso=2-fps=4-encoder=0",
                "reso=2-fps=5-encoder=0"
            ],
            "score": 0.7684695660099469
        }
    },
    "10": {
        "0": {
            "center": [
                1.7999999999999998,
                5.6,
                0.0
            ],
            "section_ids": [
                "reso=0-fps=9-encoder=0",
                "reso=2-fps=6-encoder=0",
                "reso=2-fps=4-encoder=0",
                "reso=2-fps=5-encoder=0",
                "reso=3-fps=4-encoder=0"
            ],
            "score": 0.8485178941468121
        },
        "1": {
            "center": [
                7.0,
                7.0,
                0.0
            ],
            "section_ids": [
                "reso=8-fps=9-encoder=0",
                "reso=6-fps=5-encoder=0"
            ],
            "score": 0.5585777283149155
        },
        "2": {
            "center": [
                4.0,
                0.666666666666667,
                0.0
            ],
            "section_ids": [
                "reso=0-fps=0-encoder=0",
                "reso=8-fps=0-encoder=0",
                "reso=4-fps=2-encoder=0"
            ],
            "score": 0.870973783107384
        }
    },
    "11": {
        "0": {
            "center": [
                1.7999999999999998,
                5.6,
                0.0
            ],
            "section_ids": [
                "reso=0-fps=9-encoder=0",
                "reso=2-fps=6-encoder=0",
                "reso=2-fps=4-encoder=0",
                "reso=2-fps=5-encoder=0",
                "reso=3-fps=4-encoder=0"
            ],
            "score": 0.8478706151540973
        },
        "1": {
            "center": [
                7.0,
                7.0,
                0.0
            ],
            "section_ids": [
                "reso=8-fps=9-encoder=0",
                "reso=6-fps=5-encoder=0"
            ],
            "score": 0.5585777283149155
        },
        "2": {
            "center": [
                3.75,
                1.25,
                0.0
            ],
            "section_ids": [
                "reso=0-fps=0-encoder=0",
                "reso=8-fps=0-encoder=0",
                "reso=4-fps=2-encoder=0",
                "reso=3-fps=3-encoder=0"
            ],
            "score": 0.8725641691030613
        }
    },
    "12": {
        "0": {
            "center": [
                1.7999999999999998,
                5.6,
                0.0
            ],