{
    "4": {
        "0": {
            "center": [
                4.0,
                0.0,
                0.0
            ],
            "section_ids": [
                "reso=0-fps=0-encoder=0",
                "reso=8-fps=0-encoder=0"
            ],
            "score": 0.6008252685819593
        },
        "1": {
            "center": [
                4.0,
                9.0,
                0.0
            ],
            "section_ids": [
                "reso=0-fps=9-encoder=0",
                "reso=8-fps=9-encoder=0"
            ],
            "score": 0.5006975410143478
        }
    },
    "5": {
        "0": {
            "center": [
                4.0,
                7.666666666666666,
                0.0
            ],
            "section_ids": [
                "reso=0-fps=9-encoder=0",
                "reso=8-fps=9-encoder=0",
                "reso=4-fps=5-encoder=0"
            ],
            "score": 0.7757951416602038
        },
        "1": {
            "center": [
                4.0,
                0.0,
                0.0
            ],
            "section_ids": [
                "reso=0-fps=0-encoder=0",
                "reso=8-fps=0-encoder=0"
            ],
            "score": 0.6008252685819593
        }
    },
    "6": {
        "0": {
            "center": [
                4.0,
                1.3333333333333335,
                0.0
            ],
            "section_ids": [
                "reso=0-fps=0-encoder=0",
                "reso=8-fps=0-encoder=0",
                "reso=4-fps=4-encoder=0"
            ],
            "score": 0.8468495794325939
        },
        "1": {
            "center": [
                4.0,
                7.666666666666666,
                0.0
            ],
            "section_ids": [
                "reso=0-fps=9-encoder=0",
                "reso=8-fps=9-encoder=0",
                "reso=4-fps=5-encoder=0"
            ],
            "score": 0.775798785999695
        }
    },
    "7": {
        "0": {
            "center": [
                4.0,
                7.666666666666666,
                0.0
            ],
            "section_ids": [
                "reso=0-fps=9-encoder=0",
                "reso=8-fps=9-encoder=0",
                "reso=4-fps=5-encoder=0"
            ],
            "score": 0.7757883736011486
        },
        "1": {
            "center": [
                4.0,
                1.75,
                0.0
            ],
            "section_ids": [
                "reso=0-fps=0-encoder=0",
                "reso=8-fps=0-encoder=0",
                "reso=4-fps=4-encoder=0",
                "reso=4-fps=3-encoder=0"
            ],
            "score": 0.8574928320982308
        }
    },
    "8": {
        "0": {
            "center": [
                4.0,
                9.0,
                0.0
            ],
            "section_ids": [
                "reso=0-fps=9-encoder=0",
                "reso=8-fps=9-encoder=0"
            ],
            "score": 0.5006975410143478
        },
        "1": {
            "center": [
                4.0,
                2.3333333333333335,
                0.0
            ],
            "section_ids": [
                "reso=0-fps=0-encoder=0",
                "reso=8-fps=0-encoder=0",
                "reso=4-fps=5-encoder=0",
                "reso=4-fps=4-encoder=0",
                "reso=4-fps=3-encoder=0",
                "reso=4-fps=2-encoder=0"
            ],
            "score": 0.8643247424446999
        }
    },
    "9": {
        "0": {
            "center": [
                4.0,
                2.333333333333334,
                0.0
            ],
            "section_ids": [
                "reso=0-fps=0-encoder=0",
                "reso=8-fps=0-encoder=0",
                "reso=4-fps=5-encoder=0",
                "reso=4-fps=4-encoder=0",
                "reso=4-fps=3-encoder=0",
                "reso=4-fps=2-encoder=0"
            ],
            "score": 0.8642658520393556
        },
        "1": {
            "center": [
                4.0,
                8.0,
                0.0
            ],
            "section_ids": [
                "reso=0-fps=9-encoder=0",
                "reso=8-fps=9-encoder=0",
                "reso=4-fps=6-encoder=0"
            ],
            "score": 0.758043592107577
        }
    },
    "10": {
        "0": {
            "center": [
                4.0,
                2.3333333333333335,
                0.0
            ],
            "section_ids": [
                "reso=0-fps=0-encoder=0",
                "reso=8-fps=0-encoder=0",
                "reso=4-fps=5-encoder=0",
                "reso=4-fps=4-encoder=0",
                "reso=4-fps=3-encoder=0",
                "reso=4-fps=2-encoder=0"
            ],
            "score": 0.8617645055505524
        },
        "1": {
            "center": [
                4.0,
                7.75,
                0.0
            ],
            "section_ids": [
                "reso=0-fps=9-encoder=0",
                "reso=8-fps=9-encoder=0",
                "reso=4-fps=6-encoder=0",
                "reso=4-fps=7-encoder=0"
            ],
            "score": 0.7580264116499756
        }
    },
    "11": {
        "0": {
            "center": [
                4.0,
                7.333333333333333,
                0.0
            ],
            "section_ids": [
                "reso=0-fps=9-encoder=0",
                "reso=8-fps=9-encoder=0",
                "reso=4-fps=5-encoder=0",
                "reso=4-fps=6-encoder=0",
                "reso=4-fps=7-encoder=0",
                "reso=4-fps=8-encoder=0"
            ],
            "score": 0.774627294279837
        },
        "1": {
            "center": [
                4.0,
                1.7999999999999998,
                0.0
            ],
            "section_ids": [
                "reso=0-fps=0-encoder=0",
                "reso=8-fps=0-encoder=0",
                "reso=4-fps=4-encoder=0",
                "reso=4-fps=3-encoder=0",
                "reso=4-fps=2-encoder=0"
            ],
            "score": 0.8691107361658537
        }
    },
    "12": {
        "0": {
            "center": [
                4.0,
                1.7999999999999998,
                0.0
            ],
            "section_ids": [
                "reso=0-fps=0-encoder=0",
                "reso=8-fps=0-encoder=0",
                "reso=4-fps=4-encoder=0",
                "reso=4-fps=3-encoder=0",
                "reso=4-fps=2-encoder=0"
            ],
            "score": 0.867819609356767
        },
        "1": {
            "center": [
                4.571428571428571,
                7.428571428571429,
                0.0
            ],
            "section_ids": [
                "reso=0-fps=9-encoder=0",
                "reso=8-fps=9-encoder=0",
                "reso=4-fps=5-encoder=0",
                "reso=4-fps=6-encoder=0",
                "reso=4-fps=7-encoder=0",
                "reso=4-fps=8-encoder=0",
                "reso=8-fps=8-encoder=0"
            ],
            "score": 0.7745149078084139
        }
    },
    "13": {
        "0": {
            "center": [
                4.625,
                7.125,
                0.0
            ],
            "section_ids": [
                "reso=0-fps=9-encoder=0",
                "reso=8-fps=9-encoder=0",
                "reso=4-fps=5-encoder=0",
                "reso=4-fps=6-encoder=0",
                "reso=4-fps=7-encoder=0",
                "reso=4-fps=8-encoder=0",
                "reso=8-fps=8-encoder=0",
                "reso=5-fps=5-encoder=0"
            ],
            "score": 0.7682271735452852
        },
        "1": {
            "center": [
                4.0,
                1.7999999999999998,
                0.0
            ],