{
 "1080p": {
  "30": {
   "JPEG": {
    "114.212.81.11": {
     "1.0": {
      "1.0": 0.149527153968811
     }
    },
    "172.27.151.145": {
     "1.0": {
      "1.0": 0.1414022064208984
     }
    }
   }
  }
 }
}