{
 "1080p": {
  "30": {
   "JPEG": {
    "114.212.81.11": {
     "1.0": {
      "1.0": 0.01447910308837886
     }
    },
    "172.27.151.145": {
     "1.0": {
      "1.0": 0.051174883842468225
     }
    }
   }
  }
 }
}