{
 "360p": {
  "1": {
   "JPEG": {
    "114.212.81.11": {
     "1.0": {
      "1.0": 0.007756196994047846
     }
    },
    "172.27.132.253": {
     "1.0": {
      "1.0": 0.028193140946901722
     }
    }
   }
  },
  "5": {
   "JPEG": {
    "114.212.81.11": {
     "1.0": {
      "1.0": 0.020684762979165057
     }
    },
    "172.27.132.253": {
     "1.0": {
      "1.0": 0.06413544217745458
     }
    }
   }
  },
  "10": {
   "JPEG": {
    "114.212.81.11": {
     "1.0": {
      "1.0": 0.037553197145461986
     }
    },
    "172.27.132.253": {
     "1.0": {
      "1.0": 0.11016726295153297
     }
    }
   }
  },
  "20": {
   "JPEG": {
    "114.212.81.11": {
     "1.0": {
      "1.0": 0.06352710227171576
     }
    },
    "172.27.132.253": {
     "1.0": {
      "1.0": 0.15261263251304624
     }
    }
   }
  },
  "30": {
   "JPEG": {
    "114.212.81.11": {
     "1.0": {
      "1.0": 0.06821831067403156
     }
    },
    "172.27.132.253": {
     "1.0": {
      "1.0": 0.18271311521530148
     }
    }
   }
  }
 },
 "480p": {
  "1": {
   "JPEG": {
    "114.212.81.11": {
     "1.0": {
      "1.0": 0.011228429526090582
     }
    },
    "172.27.132.253": {
     "1.0": {
      "1.0": 0.014949505145733113
     }
    }
   }
  },
  "5": {
   "JPEG": {
    "114.212.81.11": {
     "1.0": {
      "1.0": 0.0211312724848224
     }
    },
    "172.27.132.253": {
     "1.0": {
      "1.0": 0.06085891615260727
     }
    }
   }
  },
  "10": {
   "JPEG": {
    "114.212.81.11": {
     "1.0": {
      "1.0": 0.03801406025886534
     }
    },
    "172.27.132.253": {
     "1.0": {
      "1.0": 0.09871002634366349
     }
    }
   }
  },
  "20": {
   "JPEG": {
    "114.212.81.11": {
     "1.0": {
      "1.0": 0.05721262333885068
     }
    },
    "172.27.132.253": {
     "1.0": {
      "1.0": 0.1735560854276021
     }
    }
   }
  },
  "30": {
   "JPEG": {
    "114.212.81.11": {
     "1.0": {
      "1.0": 0.06688500046730039
     }
    },
    "172.27.132.253": {
     "1.0": {
      "1.0": 0.18218691945075988
     }
    }
   }
  }
 },
 "720p": {
  "1": {
   "JPEG": {
    "114.212.81.11": {
     "1.0": {
      "1.0": 0.010516935128432017
     }
    },
    "172.27.132.253": {
     "1.0": {
      "1.0": 0.015059994253920052
     }
    }
   }
  },
  "5": {
   "JPEG": {
    "114.212.81.11": {
     "1.0": {
      "1.0": 0.02348725535930727
     }
    },
    "172.27.132.253": {
     "1.0": {
      "1.0": 0.06288651426633196
     }
    }
   }
  },
  "10": {
   "JPEG": {
    "114.212.81.11": {
     "1.0": {
      "1.0": 0.041772796710332176
     }
    },
    "172.27.132.253": {
     "1.0": {
      "1.0": 0.10565210878849027
     }
    }
   }
  },
  "20": {
   "JPEG": {
    "114.212.81.11": {
     "1.0": {
      "1.0": 0.059151250123977615
     }
    },
    "172.27.132.253": {
     "1.0": {
      "1.0": 0.1665569047133128
     }
    }
   }
  },
  "30": {
   "JPEG": {
    "114.212.81.11": {
     "1.0": {
      "1.0": 0.06056060791015623
     }
    },
    "172.27.132.253": {
     "1.0": {
      "1.0": 0.18993644714355468
     }
    }
   }
  }
 },
 "1080p": {
  "1": {
   "JPEG": {
    "114.212.81.11": {
     "1.0": {
      "1.0": 0.010719460275917516
     }
    },
    "172.27.132.253": {
     "1.0": {
      "1.0": 0.015403531147883436
     }
    }
   }
  },
  "5": {
   "JPEG": {
    "114.212.81.11": {
     "1.0": {
      "1.0": 0.021946563323338775
     }
    },
    "172.27.132.253": {
     "1.0": {
      "1.0": 0.06716669003168738
     }
    }
   }
  },
  "10": {
   "JPEG": {
    "114.212.81.11": {
     "1.0": {
      "1.0": 0.036151221394538836
     }
    },
    "172.27.132.253": {
     "1.0": {
      "1.0": 0.11444482008616123
     }
    }
   }
  },
  "20": {
   "JPEG": {
    "114.212.81.11": {
     "1.0": {
      "1.0": 0.055926699439684514
     }
    },
    "172.27.132.253": {
     "1.0": {
      "1.0": 0.17886199752489723
     }
    }
   }
  },
  "30": {
   "JPEG": {
    "114.212.81.11": {
     "1.0": {
      "1.0": 0.07400841116905209
     }
    },
    "172.27.132.253": {
     "1.0": {
      "1.0": 0.193742436170578
     }
    }
   }
  }
 }
}