{
 "1080p": {
  "30": {
   "114.212.81.11": 0.03478090365727739,
   "172.27.143.164": 0.08597712119420367,
   "172.27.151.145": 0.05150545040766395
  },
  "20": {
   "114.212.81.11": 0.009870105319552912,
   "172.27.143.164": 0.02316367493735415,
   "172.27.151.145": 0.020742033587561676
  },
  "10": {
   "114.212.81.11": 0.00606661902533633,
   "172.27.143.164": 0.015272210703955706,
   "172.27.151.145": 0.013336478339301164
  },
  "5": {
   "114.212.81.11": 0.003638630178239557,
   "172.27.143.164": 0.008849155902862511,
   "172.27.151.145": 0.0077286058002047535
  },
  "1": {
   "114.212.81.11": 0.0012721375522450136,
   "172.27.143.164": 0.00189651159139775,
   "172.27.151.145": 0.0018494957532637635
  }
 },
 "720p": {
  "30": {
   "114.212.81.11": 0.00945192575454707,
   "172.27.143.164": 0.022910992304484006,
   "172.27.151.145": 0.022586631774902288
  },
  "20": {
   "114.212.81.11": 0.009534611966874806,
   "172.27.143.164": 0.020827319886949282,
   "172.27.151.145": 0.02083964612748884
  },
  "10": {
   "114.212.81.11": 0.005937365028593233,
   "172.27.143.164": 0.013873075114356098,
   "172.27.151.145": 0.014010931385887942
  },
  "5": {
   "114.212.81.11": 0.00400611559549962,
   "172.27.143.164": 0.00755325158437089,
   "172.27.151.145": 0.007390831576453268
  },
  "1": {
   "114.212.81.11": 0.001443892319997103,
   "172.27.143.164": 0.0018129296791858664,
   "172.27.151.145": 0.0019181743646278873
  }
 },
 "480p": {
  "30": {
   "114.212.81.11": 0.009498451917599368,
   "172.27.143.164": 0.02333941062291458,
   "172.27.151.145": 0.02297758261362706
  },
  "20": {
   "114.212.81.11": 0.00919267998801333,
   "172.27.143.164": 0.022109795941246832,
   "172.27.151.145": 0.02052038510640457
  },
  "10": {
   "114.212.81.11": 0.006329858965343851,
   "172.27.143.164": 0.013816179831822675,
   "172.27.151.145": 0.013260612885157215
  },
  "5": {
   "114.212.81.11": 0.004105972713894277,
   "172.27.143.164": 0.007975435256957965,
   "172.27.151.145": 0.008073423968421041
  },
  "1": {
   "114.212.81.11": 0.0012894111209445064,
   "172.27.143.164": 0.0018122232877290669,
   "172.27.151.145": 0.0017876777893457165
  }
 },
 "360p": {
  "30": {
   "114.212.81.11": 0.0080162644386291,
   "172.27.143.164": 0.022756441434224384,
   "172.27.151.145": 0.02138688564300532
  },
  "20": {
   "114.212.81.11": 0.008697329627142963,
   "172.27.143.164": 0.02050625748104516,
   "172.27.151.145": 0.020558978451622807
  },
  "10": {
   "114.212.81.11": 0.005373349454667784,
   "172.27.143.164": 0.013382234838273744,
   "172.27.151.145": 0.013439140054914643
  },
  "5": {
   "114.212.81.11": 0.0034923723008897143,
   "172.27.143.164": 0.0075759556558396566,
   "172.27.151.145": 0.008511663807762936
  },
  "1": {
   "114.212.81.11": 0.0012178206647562666,
   "172.27.143.164": 0.0017202597398023834,
   "172.27.151.145": 0.0018704212628877569
  }
 }
}