{
 "360p": {
  "1": {
   "JPEG": {
    "114.212.81.11": {
     "1.0": {
      "0.05": 0,
      "0.1": 0,
      "0.15": 0,
      "0.2": 0,
      "0.25": 0.00525243649115924,
      "0.3": 0.028551777662374992,
      "0.35": 0,
      "0.4": 0.033165086232698836,
      "0.45": 0,
      "0.5": 0,
      "0.55": 0,
      "0.6": 0,
      "0.65": 0,
      "0.7": 0,
      "0.75": 0,
      "0.8": 0,
      "0.85": 0,
      "0.9": 0,
      "0.95": 0,
      "1.0": 0
     }
    },
    "172.27.151.145": {
     "1.0": {
      "0.05": 0,
      "0.1": 0,
      "0.15": 0,
      "0.2": 0,
      "0.25": 0,
      "0.3": 0.015320768723121,
      "0.35": 0,
      "0.4": 0,
      "0.45": 0,
      "0.5": 0,
      "0.55": 0,
      "0.6": 0,
      "0.65": 0,
      "0.7": 0,
      "0.75": 0,
      "0.8": 0,
      "0.85": 0,
      "0.9": 0,
      "0.95": 0,
      "1.0": 0
     }
    }
   }
  },
  "5": {
   "JPEG": {
    "114.212.81.11": {
     "1.0": {
      "0.05": 0,
      "0.1": 0,
      "0.15": 0,
      "0.2": 0,
      "0.25": 0.03133155040251898,
      "0.3": 0.03257693608601884,
      "0.35": 0.03157814264297481,
      "0.4": 0,
      "0.45": 0,
      "0.5": 0,
      "0.55": 0,
      "0.6": 0,
      "0.65": 0,
      "0.7": 0,
      "0.75": 0,
      "0.8": 0,
      "0.85": 0,
      "0.9": 0,
      "0.95": 0,
      "1.0": 0
     }
    },
    "172.27.151.145": {
     "1.0": {
      "0.05": 0,
      "0.1": 0,
      "0.15": 0,
      "0.2": 0.11845125357309974,
      "0.25": 0.06703421274820957,
      "0.3": 0,
      "0.35": 0.11469541231791174,
      "0.4": 0.09686260382334386,
      "0.45": 0,
      "0.5": 0,
      "0.55": 0,
      "0.6": 0,
      "0.65": 0,
      "0.7": 0,
      "0.75": 0,
      "0.8": 0,
      "0.85": 0,
      "0.9": 0,
      "0.95": 0,
      "1.0": 0
     }
    }
   }
  },
  "10": {
   "JPEG": {
    "114.212.81.11": {
     "1.0": {
      "0.05": 0,
      "0.1": 0,
      "0.15": 0,
      "0.2": 0.03616641759872432,
      "0.25": 0,
      "0.3": 0,
      "0.35": 0,
      "0.4": 0,
      "0.45": 0,
      "0.5": 0,
      "0.55": 0,
      "0.6": 0,
      "0.65": 0,
      "0.7": 0,
      "0.75": 0,
      "0.8": 0,
      "0.85": 0,
      "0.9": 0,
      "0.95": 0,
      "1.0": 0
     }
    },
    "172.27.151.145": {
     "1.0": {
      "0.05": 0,
      "0.1": 0,
      "0.15": 0,
      "0.2": 0.1542536656061808,
      "0.25": 0.11143352511601567,
      "0.3": 0,
      "0.35": 0.14694413344065343,
      "0.4": 0.0874537825584411,
      "0.45": 0,
      "0.5": 0,
      "0.55": 0,
      "0.6": 0,
      "0.65": 0,
      "0.7": 0,
      "0.75": 0,
      "0.8": 0,
      "0.85": 0,
      "0.9": 0,
      "0.95": 0,
      "1.0": 0
     }
    }
   }
  },
  "20": {
   "JPEG": {
    "114.212.81.11": {
     "1.0": {
      "0.05": 0,
      "0.1": 0,
      "0.15": 0,
      "0.2": 0.05973744392395016,
      "0.25": 0.07080821990966793,
      "0.3": 0,
      "0.35": 0.05986200479360724,
      "0.4": 0,
      "0.45": 0,
      "0.5": 0,
      "0.55": 0,
      "0.6": 0,
      "0.65": 0,
      "0.7": 0,
      "0.75": 0,
      "0.8": 0,
      "0.85": 0,
      "0.9": 0,
      "0.95": 0,
      "1.0": 0
     }
    },
    "172.27.151.145": {
     "1.0": {
      "0.05": 0,
      "0.1": 0,
      "0.15": 0,
      "0.2": 0.22475018501281735,
      "0.25": 0.16737918853759765,
      "0.3": 0.17284966309865313,
      "0.35": 0,
      "0.4": 0.16065543492635087,
      "0.45": 0,
      "0.5": 0,
      "0.55": 0,
      "0.6": 0,
      "0.65": 0,
      "0.7": 0,
      "0.75": 0,
      "0.8": 0,
      "0.85": 0,
      "0.9": 0,
      "0.95": 0,
      "1.0": 0
     }
    }
   }
  },
  "30": {
   "JPEG": {
    "114.212.81.11": {
     "1.0": {
      "0.05": 0,
      "0.1": 0,
      "0.15": 0,
      "0.2": 0,
      "0.25": 0.05565440104557915,
      "0.3": 0,
      "0.35": 0.06816376646359759,
      "0.4": 0,
      "0.45": 0,
      "0.5": 0,
      "0.55": 0,
      "0.6": 0,
      "0.65": 0,
      "0.7": 0,
      "0.75": 0,
      "0.8": 0,
      "0.85": 0,
      "0.9": 0,
      "0.95": 0,
      "1.0": 0
     }
    },
    "172.27.151.145": {
     "1.0": {
      "0.05": 0,
      "0.1": 0,
      "0.15": 0,
      "0.2": 0,
      "0.25": 0,
      "0.3": 0,
      "0.35": 0.17331569989522294,
      "0.4": 0.1657257795333862,
      "0.45": 0,
      "0.5": 0,
      "0.55": 0,
      "0.6": 0,
      "0.65": 0,
      "0.7": 0,
      "0.75": 0,
      "0.8": 0,
      "0.85": 0,
      "0.9": 0,
      "0.95": 0,
      "1.0": 0
     }
    }
   }
  }
 },
 "480p": {
  "1": {
   "JPEG": {
    "114.212.81.11": {
     "1.0": {
      "0.05": 0,
      "0.1": 0,
      "0.15": 0,
      "0.2": 0.03339309765742372,
      "0.25": 0.028282166872269025,
      "0.3": 0.011593265941000347,
      "0.35": 0.03506543505322796,
      "0.4": 0.026646238718277322,
      "0.45": 0,
      "0.5": 0,
      "0.55": 0,
      "0.6": 0,
      "0.65": 0,
      "0.7": 0,
      "0.75": 0,
      "0.8": 0,
      "0.85": 0,
      "0.9": 0,
      "0.95": 0,
      "1.0": 0
     }
    },
    "172.27.151.145": {
     "1.0": {
      "0.05": 0,
      "0.1": 0,
      "0.15": 0,
      "0.2": 0.10881787226750297,
      "0.25": 0.09909495023580694,
      "0.3": 0,
      "0.35": 0,
      "0.4": 0.062279810406203916,
      "0.45": 0,
      "0.5": 0,
      "0.55": 0,
      "0.6": 0,
      "0.65": 0,
      "0.7": 0,
      "0.75": 0,
      "0.8": 0,
      "0.85": 0,
      "0.9": 0,
      "0.95": 0,
      "1.0": 0
     }
    }
   }
  },
  "5": {
   "JPEG": {
    "114.212.81.11": {
     "1.0": {
      "0.05": 0,
      "0.1": 0,
      "0.15": 0,
      "0.2": 0.02862406424987004,
      "0.25": 0.03576592206954953,
      "0.3": 0,
      "0.35": 0.0240612824757893,
      "0.4": 0,
      "0.45": 0,
      "0.5": 0,
      "0.55": 0,
      "0.6": 0,
      "0.65": 0,
      "0.7": 0,
      "0.75": 0,
      "0.8": 0,
      "0.85": 0,
      "0.9": 0,
      "0.95": 0,
      "1.0": 0
     }
    },
    "172.27.151.145": {
     "1.0": {
      "0.05": 0,
      "0.1": 0,
      "0.15": 0,
      "0.2": 0,
      "0.25": 0.07649405014820584,
      "0.3": 0.11585412661234536,
      "0.35": 0,
      "0.4": 0,
      "0.45": 0,
      "0.5": 0,
      "0.55": 0,
      "0.6": 0,
      "0.65": 0,
      "0.7": 0,
      "0.75": 0,
      "0.8": 0,
      "0.85": 0,
      "0.9": 0,
      "0.95": 0,
      "1.0": 0
     }
    }
   }
  },
  "10": {
   "JPEG": {
    "114.212.81.11": {
     "1.0": {
      "0.05": 0,
      "0.1": 0,
      "0.15": 0,
      "0.2": 0.04514101147651668,
      "0.25": 0.05039496819178259,
      "0.3": 0.03668705316690292,
      "0.35": 0,
      "0.4": 0.0434741338094075,
      "0.45": 0,
      "0.5": 0,
      "0.55": 0,
      "0.6": 0,
      "0.65": 0,
      "0.7": 0,
      "0.75": 0,
      "0.8": 0,
      "0.85": 0,
      "0.9": 0,
      "0.95": 0,
      "1.0": 0
     }
    },
    "172.27.151.145": {
     "1.0": {
      "0.05": 0,
      "0.1": 0,
      "0.15": 0,
      "0.2": 0.12845057249069208,
      "0.25": 0,
      "0.3": 0.11938236951827999,
      "0.35": 0.1312698642412821,
      "0.4": 0,
      "0.45": 0,
      "0.5": 0,
      "0.55": 0,
      "0.6": 0,
      "0.65": 0,
      "0.7": 0,
      "0.75": 0,
      "0.8": 0,
      "0.85": 0,
      "0.9": 0,
      "0.95": 0,
      "1.0": 0
     }
    }
   }
  },
  "20": {
   "JPEG": {
    "114.212.81.11": {
     "1.0": {
      "0.05": 0,
      "0.1": 0,
      "0.15": 0,
      "0.2": 0.05686916510264075,
      "0.25": 0.06362482706705726,
      "0.3": 0,
      "0.35": 0.06106664930653365,
      "0.4": 0,
      "0.45": 0,
      "0.5": 0,
      "0.55": 0,
      "0.6": 0,
      "0.65": 0,
      "0.7": 0,
      "0.75": 0,
      "0.8": 0,
      "0.85": 0,
      "0.9": 0,
      "0.95": 0,
      "1.0": 0
     }
    },
    "172.27.151.145": {
     "1.0": {
      "0.05": 0,
      "0.1": 0,
      "0.15": 0,
      "0.2": 0.1686970160557673,
      "0.25": 0.15735340118408198,
      "0.3": 0,
      "0.35": 0.14813954279972955,
      "0.4": 0,
      "0.45": 0,
      "0.5": 0,
      "0.55": 0,
      "0.6": 0,
      "0.65": 0,
      "0.7": 0,