{
 "1080p": {
  "30": {
   "114.212.81.11": 0.1523828307787577,
   "172.27.143.164": 0.10328067143758135,
   "172.27.151.145": 0.2844556252161662
  },
  "20": {
   "114.212.81.11": 0.13538130256864755,
   "172.27.143.164": 0.09106034172905812,
   "172.27.151.145": 0.2200168834792243
  },
  "10": {
   "114.212.81.11": 0.09486134780777822,
   "172.27.143.164": 0.05807050930129154,
   "172.27.151.145": 0.12355080246925351
  },
  "5": {
   "114.212.81.11": 0.05436430427763193,
   "172.27.143.164": 0.035475834210713666,
   "172.27.151.145": 0.07816163169013125
  },
  "1": {
   "114.212.81.11": 0.020131243069966578,
   "172.27.143.164": 0.007668963762429997,
   "172.27.151.145": 0.019662575538341765
  }
 },
 "720p": {
  "30": {
   "114.212.81.11": 0.08153014244177399,
   "172.27.143.164": 0.05499666134516395,
   "172.27.151.145": 0.13122620979944863
  },
  "20": {
   "114.212.81.11": 0.07842722866270276,
   "172.27.143.164": 0.04898306263817676,
   "172.27.151.145": 0.1235387153095669
  },
  "10": {
   "114.212.81.11": 0.05045134756300181,
   "172.27.143.164": 0.0328559557596842,
   "172.27.151.145": 0.08205955359670845
  },
  "5": {
   "114.212.81.11": 0.0363847872945997,
   "172.27.143.164": 0.017356590429941764,
   "172.27.151.145": 0.04608868360519405
  },
  "1": {
   "114.212.81.11": 0.012607524802542082,
   "172.27.143.164": 0.004125900451953533,
   "172.27.151.145": 0.014255079550620792
  }
 },
 "480p": {
  "30": {
   "114.212.81.11": 0.044412273015731384,
   "172.27.143.164": 0.02859875361124669,
   "172.27.151.145": 0.09354692697525022
  },
  "20": {
   "114.212.81.11": 0.047525517145792597,
   "172.27.143.164": 0.02695205476548932,
   "172.27.151.145": 0.08758526643117266
  },
  "10": {
   "114.212.81.11": 0.029802446232901632,
   "172.27.143.164": 0.01787474619017702,
   "172.27.151.145": 0.05929777754677665
  },
  "5": {
   "114.212.81.11": 0.023449254300859184,
   "172.27.143.164": 0.009262610806359145,
   "172.27.151.145": 0.038496540652381
  },
  "1": {
   "114.212.81.11": 0.0070995662151238335,
   "172.27.143.164": 0.0021978427202273133,
   "172.27.151.145": 0.010177044685070281
  }
 },
 "360p": {
  "30": {
   "114.212.81.11": 0.03903322342114567,
   "172.27.143.164": 0.020902562141418397,
   "172.27.151.145": 0.08271514177322385
  },
  "20": {
   "114.212.81.11": 0.03916078276104394,
   "172.27.143.164": 0.020536139276292543,
   "172.27.151.145": 0.0835553619596693
  },
  "10": {
   "114.212.81.11": 0.026321515772077735,
   "172.27.143.164": 0.012079509761598323,
   "172.27.151.145": 0.054438724120457936
  },
  "5": {
   "114.212.81.11": 0.01605665286382035,
   "172.27.143.164": 0.007050645351409867,
   "172.27.151.145": 0.04031937652164031
  },
  "1": {
   "114.212.81.11": 0.00606315237844088,
   "172.27.143.164": 0.001689869012588057,
   "172.27.151.145": 0.009777398598499732
  }
 }
}