{
 "360p": {
  "1": {
   "JPEG": {
    "114.212.81.11": 0.008995661911638076,
    "172.27.143.164": 0.02531828423035445,
    "172.27.151.145": 0
   }
  },
  "5": {
   "JPEG": {
    "114.212.81.11": 0.03517187854163662,
    "172.27.143.164": 0,
    "172.27.151.145": 0.09143222625438979
   }
  },
  "10": {
   "JPEG": {
    "114.212.81.11": 0.04263308292780163,
    "172.27.143.164": 0,
    "172.27.151.145": 0.1249776190672165
   }
  },
  "20": {
   "JPEG": {
    "114.212.81.11": 0.06869530181090033,
    "172.27.143.164": 0.20486566623051958,
    "172.27.151.145": 0.16242769161860146
   }
  },
  "30": {
   "JPEG": {
    "114.212.81.11": 0.06679748205038213,
    "172.27.143.164": 0.19290730234904166,
    "172.27.151.145": 0.18644306063652036
   }
  }
 },
 "480p": {
  "1": {
   "JPEG": {
    "114.212.81.11": 0.010269486732207763,
    "172.27.143.164": 0,
    "172.27.151.145": 0
   }
  },
  "5": {
   "JPEG": {
    "114.212.81.11": 0,
    "172.27.143.164": 0.10144103765487664,
    "172.27.151.145": 0
   }
  },
  "10": {
   "JPEG": {
    "114.212.81.11": 0.049189128478368066,
    "172.27.143.164": 0,
    "172.27.151.145": 0
   }
  },
  "20": {
   "JPEG": {
    "114.212.81.11": 0.07580621639887487,
    "172.27.143.164": 0,
    "172.27.151.145": 0
   }
  },
  "30": {
   "JPEG": {
    "114.212.81.11": 0.07584479405329772,
    "172.27.143.164": 0.2211901573034433,
    "172.27.151.145": 0
   }
  }
 },
 "720p": {
  "1": {
   "JPEG": {
    "114.212.81.11": 0.007653079101672488,
    "172.27.143.164": 0,
    "172.27.151.145": 0.03478350309225224
   }
  },
  "5": {
   "JPEG": {
    "114.212.81.11": 0,
    "172.27.143.164": 0,
    "172.27.151.145": 0.08637729883193965
   }
  },
  "10": {
   "JPEG": {
    "114.212.81.11": 0.11657057205835974,
    "172.27.143.164": 0,
    "172.27.151.145": 0.14078867435455317
   }
  },
  "20": {
   "JPEG": {
    "114.212.81.11": 0,
    "172.27.143.164": 0,
    "172.27.151.145": 0
   }
  },
  "30": {
   "JPEG": {
    "114.212.81.11": 0,
    "172.27.143.164": 0,
    "172.27.151.145": 0
   }
  }
 },
 "1080p": {
  "1": {
   "JPEG": {
    "114.212.81.11": 0.009413124271947064,
    "172.27.143.164": 0,
    "172.27.151.145": 0
   }
  },
  "5": {
   "JPEG": {
    "114.212.81.11": 0,
    "172.27.143.164": 0,
    "172.27.151.145": 0
   }
  },
  "10": {
   "JPEG": {
    "114.212.81.11": 0,
    "172.27.143.164": 0.14521959821383157,
    "172.27.151.145": 0
   }
  },
  "20": {
   "JPEG": {
    "114.212.81.11": 0,
    "172.27.143.164": 0.19714879194895424,
    "172.27.151.145": 0.16347293456395465
   }
  },
  "30": {
   "JPEG": {
    "114.212.81.11": 0.07460519350492033,
    "172.27.143.164": 0,
    "172.27.151.145": 0
   }
  }
 }
}