{
 "360p": {
  "20": {
   "JPEG": {
    "114.212.81.11": {
     "0.2": {
      "0.2": 0.0679508695354709,
      "0.3": 0.06594159253059868
     },
     "0.3": {
      "0.2": 0.06305099874734874,
      "0.3": 0.06357886066919637
     }
    },
    "172.27.151.145": {
     "0.2": {
      "0.2": 0.08378980777881759,
      "0.3": 0.08487039933472997
     },
     "0.3": {
      "0.2": 0.07929904924498661,
      "0.3": 0.08039361849809301
     }
    }
   }
  },
  "30": {
   "JPEG": {
    "114.212.81.11": {
     "0.2": {
      "0.2": 0.07314160685518599,
      "0.3": 0.07305159029506497
     },
     "0.3": {
      "0.2": 0.07189173034474816,
      "0.3": 0.07547966390848156
     }
    },
    "172.27.151.145": {
     "0.2": {
      "0.2": 0.10538214147090907,
      "0.3": 0.10098727102632872
     },
     "0.3": {
      "0.2": 0.09955201571500749,
      "0.3": 0.10128655731678005
     }
    }
   }
  }
 },
 "480p": {
  "20": {
   "JPEG": {
    "114.212.81.11": {
     "0.2": {
      "0.2": 0.08233118590300642,
      "0.3": 0.08087572124269271
     },
     "0.3": {
      "0.2": 0.07946405047742425,
      "0.3": 0.08187745744165988
     }
    },
    "172.27.151.145": {
     "0.2": {
      "0.2": 0.13496721337238943,
      "0.3": 0.1309402666540227
     },
     "0.3": {
      "0.2": 0.11147332288385403,
      "0.3": 0.12909525136152902
     }
    }
   }
  },
  "30": {
   "JPEG": {
    "114.212.81.11": {
     "0.2": {
      "0.2": 0.07421618103981013,
      "0.3": 0.07797240475077684
     },
     "0.3": {
      "0.2": 0.07612218653283463,
      "0.3": 0.0768717001010845
     }
    },
    "172.27.151.145": {
     "0.2": {
      "0.2": 0.22389551959460294,
      "0.3": 0.20210002660751342
     },
     "0.3": {
      "0.2": 0.2233079966203666,
      "0.3": 0.20294505655765532
     }
    }
   }
  }
 }
}