{
 "360p": {
  "1": {
   "JPEG": {
    "114.212.81.11": {
     "1.0": {
      "1.0": 0.00358282923698421
     }
    },
    "172.27.132.253": {
     "1.0": {
      "1.0": 0.011613446015578007
     }
    }
   }
  },
  "5": {
   "JPEG": {
    "114.212.81.11": {
     "1.0": {
      "1.0": 0.003464277952145265
     }
    },
    "172.27.132.253": {
     "1.0": {
      "1.0": 0.007973084847132317
     }
    }
   }
  },
  "10": {
   "JPEG": {
    "114.212.81.11": {
     "1.0": {
      "1.0": 0.00598040024439489
     }
    },
    "172.27.132.253": {
     "1.0": {
      "1.0": 0.013222358624140385
     }
    }
   }
  },
  "20": {
   "JPEG": {
    "114.212.81.11": {
     "1.0": {
      "1.0": 0.008722749352455095
     }
    },
    "172.27.132.253": {
     "1.0": {
      "1.0": 0.019909797112146962
     }
    }
   }
  },
  "30": {
   "JPEG": {
    "114.212.81.11": {
     "1.0": {
      "1.0": 0.009964424371719306
     }
    },
    "172.27.132.253": {
     "1.0": {
      "1.0": 0.02187273048219221
     }
    }
   }
  }
 },
 "480p": {
  "1": {
   "JPEG": {
    "114.212.81.11": {
     "1.0": {
      "1.0": 0.0029288236338358047
     }
    },
    "172.27.132.253": {
     "1.0": {
      "1.0": 0.0020783011729900045
     }
    }
   }
  },
  "5": {
   "JPEG": {
    "114.212.81.11": {
     "1.0": {
      "1.0": 0.00331909696261084
     }
    },
    "172.27.132.253": {
     "1.0": {
      "1.0": 0.007557525151017726
     }
    }
   }
  },
  "10": {
   "JPEG": {
    "114.212.81.11": {
     "1.0": {
      "1.0": 0.005987829963366144
     }
    },
    "172.27.132.253": {
     "1.0": {
      "1.0": 0.015952334801355945
     }
    }
   }
  },
  "20": {
   "JPEG": {
    "114.212.81.11": {
     "1.0": {
      "1.0": 0.009367696822635677
     }
    },
    "172.27.132.253": {
     "1.0": {
      "1.0": 0.02044620116551712
     }
    }
   }
  },
  "30": {
   "JPEG": {
    "114.212.81.11": {
     "1.0": {
      "1.0": 0.009847718477249096
     }
    },
    "172.27.132.253": {
     "1.0": {
      "1.0": 0.02513158917427058
     }
    }
   }
  }
 },
 "720p": {
  "1": {
   "JPEG": {
    "114.212.81.11": {
     "1.0": {
      "1.0": 0.0015740206826737
     }
    },
    "172.27.132.253": {
     "1.0": {
      "1.0": 0.0036184530991773857
     }
    }
   }
  },
  "5": {
   "JPEG": {
    "114.212.81.11": {
     "1.0": {
      "1.0": 0.0032232450521908853
     }
    },
    "172.27.132.253": {
     "1.0": {
      "1.0": 0.013192834456761624
     }
    }
   }
  },
  "10": {
   "JPEG": {
    "114.212.81.11": {
     "1.0": {
      "1.0": 0.0064260552326837654
     }
    },
    "172.27.132.253": {
     "1.0": {
      "1.0": 0.0228580554326375
     }
    }
   }
  },
  "20": {
   "JPEG": {
    "114.212.81.11": {
     "1.0": {
      "1.0": 0.008321114381154316
     }
    },
    "172.27.132.253": {
     "1.0": {
      "1.0": 0.027213646968205725
     }
    }
   }
  },
  "30": {
   "JPEG": {
    "114.212.81.11": {
     "1.0": {
      "1.0": 0.009817606210708572
     }
    },
    "172.27.132.253": {
     "1.0": {
      "1.0": 0.04267814159393306
     }
    }
   }
  }
 },
 "1080p": {
  "1": {
   "JPEG": {
    "114.212.81.11": {
     "1.0": {
      "1.0": 0.0022465312912452956
     }
    },
    "172.27.132.253": {
     "1.0": {
      "1.0": 0.0023384681114783047
     }
    }
   }
  },
  "5": {
   "JPEG": {
    "114.212.81.11": {
     "1.0": {
      "1.0": 0.003081559156760145
     }
    },
    "172.27.132.253": {
     "1.0": {
      "1.0": 0.007780744632085132
     }
    }
   }
  },
  "10": {
   "JPEG": {
    "114.212.81.11": {
     "1.0": {
      "1.0": 0.0055188218752542555
     }
    },
    "172.27.132.253": {
     "1.0": {
      "1.0": 0.013376921415328933
     }
    }
   }
  },
  "20": {
   "JPEG": {
    "114.212.81.11": {
     "1.0": {
      "1.0": 0.008151445786158196
     }
    },
    "172.27.132.253": {
     "1.0": {
      "1.0": 0.02194043397903437
     }
    }
   }
  },
  "30": {
   "JPEG": {
    "114.212.81.11": {
     "1.0": {
      "1.0": 0.00951877236366267
     }
    },
    "172.27.132.253": {
     "1.0": {
      "1.0": 0.022636085748672437
     }
    }
   }
  }
 }
}