{
 "360p": {
  "1": {
   "JPEG": {
    "114.212.81.11": {
     "1.0": {
      "1.0": 0.005077880620956371
     }
    },
    "172.27.132.253": {
     "1.0": {
      "1.0": 0.003948290531451845
     }
    }
   }
  },
  "5": {
   "JPEG": {
    "114.212.81.11": {
     "1.0": {
      "1.0": 0.017717978465251385
     }
    },
    "172.27.132.253": {
     "1.0": {
      "1.0": 0.017041800419489495
     }
    }
   }
  },
  "10": {
   "JPEG": {
    "114.212.81.11": {
     "1.0": {
      "1.0": 0.030463239550590465
     }
    },
    "172.27.132.253": {
     "1.0": {
      "1.0": 0.030216139554977362
     }
    }
   }
  },
  "20": {
   "JPEG": {
    "114.212.81.11": {
     "1.0": {
      "1.0": 0.045719249049822455
     }
    },
    "172.27.132.253": {
     "1.0": {
      "1.0": 0.04453637599945063
     }
    }
   }
  },
  "30": {
   "JPEG": {
    "114.212.81.11": {
     "1.0": {
      "1.0": 0.051320620945521714
     }
    },
    "172.27.132.253": {
     "1.0": {
      "1.0": 0.05159463286399837
     }
    }
   }
  }
 },
 "480p": {
  "1": {
   "JPEG": {
    "114.212.81.11": {
     "1.0": {
      "1.0": 0.013839873327658675
     }
    },
    "172.27.132.253": {
     "1.0": {
      "1.0": 0.004131966370802615
     }
    }
   }
  },
  "5": {
   "JPEG": {
    "114.212.81.11": {
     "1.0": {
      "1.0": 0.02141127691164116
     }
    },
    "172.27.132.253": {
     "1.0": {
      "1.0": 0.01696914976293386
     }
    }
   }
  },
  "10": {
   "JPEG": {
    "114.212.81.11": {
     "1.0": {
      "1.0": 0.03228770494461055
     }
    },
    "172.27.132.253": {
     "1.0": {
      "1.0": 0.02964570820331569
     }
    }
   }
  },
  "20": {
   "JPEG": {
    "114.212.81.11": {
     "1.0": {
      "1.0": 0.04906607147247066
     }
    },
    "172.27.132.253": {
     "1.0": {
      "1.0": 0.04531443913777665
     }
    }
   }
  },
  "30": {
   "JPEG": {
    "114.212.81.11": {
     "1.0": {
      "1.0": 0.058220040798187225
     }
    },
    "172.27.132.253": {
     "1.0": {
      "1.0": 0.052498155832290616
     }
    }
   }
  }
 },
 "720p": {
  "1": {
   "JPEG": {
    "114.212.81.11": {
     "1.0": {
      "1.0": 0.01674786943655743
     }
    },
    "172.27.132.253": {
     "1.0": {
      "1.0": 0.003983939960325982
     }
    }
   }
  },
  "5": {
   "JPEG": {
    "114.212.81.11": {
     "1.0": {
      "1.0": 0.019475436944227893
     }
    },
    "172.27.132.253": {
     "1.0": {
      "1.0": 0.017776072025299017
     }
    }
   }
  },
  "10": {
   "JPEG": {
    "114.212.81.11": {
     "1.0": {
      "1.0": 0.035246031483014376
     }
    },
    "172.27.132.253": {
     "1.0": {
      "1.0": 0.03034308056036626
     }
    }
   }
  },
  "20": {
   "JPEG": {
    "114.212.81.11": {
     "1.0": {
      "1.0": 0.05001229345798488
     }
    },
    "172.27.132.253": {
     "1.0": {
      "1.0": 0.05507048964500422
     }
    }
   }
  },
  "30": {
   "JPEG": {
    "114.212.81.11": {
     "1.0": {
      "1.0": 0.0556238234043121
     }
    },
    "172.27.132.253": {
     "1.0": {
      "1.0": 0.056284809112548774
     }
    }
   }
  }
 },
 "1080p": {
  "1": {
   "JPEG": {
    "114.212.81.11": {
     "1.0": {
      "1.0": 0.010071076553871142
     }
    },
    "172.27.132.253": {
     "1.0": {
      "1.0": 0.004010191789040139
     }
    }
   }
  },
  "5": {
   "JPEG": {
    "114.212.81.11": {
     "1.0": {
      "1.0": 0.020152753163606645
     }
    },
    "172.27.132.253": {
     "1.0": {
      "1.0": 0.0184891561667124
     }
    }
   }
  },
  "10": {
   "JPEG": {
    "114.212.81.11": {
     "1.0": {
      "1.0": 0.03564163446426388
     }
    },
    "172.27.132.253": {
     "1.0": {
      "1.0": 0.030963270862897185
     }
    }
   }
  },
  "20": {
   "JPEG": {
    "114.212.81.11": {
     "1.0": {
      "1.0": 0.0545738538106282
     }
    },
    "172.27.132.253": {
     "1.0": {
      "1.0": 0.05575378934542334
     }
    }
   }
  },
  "30": {
   "JPEG": {
    "114.212.81.11": {
     "1.0": {
      "1.0": 0.058858036994934027
     }
    },
    "172.27.132.253": {
     "1.0": {
      "1.0": 0.06355091333389279
     }
    }
   }
  }
 }
}