{
 "360p": {
  "20": {
   "JPEG": {
    "114.212.81.11": {
     "0.2": {
      "0.2": 0.015708376318861354,
      "0.3": 0.009424222840203125
     },
     "0.3": {
      "0.2": 0.009286907315254164,
      "0.3": 0.009223473222949781
     }
    },
    "172.27.151.145": {
     "0.2": {
      "0.2": 0.056405094425374044,
      "0.3": 0.020793881767239876
     },
     "0.3": {
      "0.2": 0.020600048322526186,
      "0.3": 0.020093398725884545
     }
    }
   }
  },
  "30": {
   "JPEG": {
    "114.212.81.11": {
     "0.2": {
      "0.2": 0.009548777625674243,
      "0.3": 0.00973407569385705
     },
     "0.3": {
      "0.2": 0.009404592876192837,
      "0.3": 0.0093270286917686
     }
    },
    "172.27.151.145": {
     "0.2": {
      "0.2": 0.025549191236495926,
      "0.3": 0.024824828277399454
     },
     "0.3": {
      "0.2": 0.024228335935858193,
      "0.3": 0.02331080883741373
     }
    }
   }
  }
 },
 "480p": {
  "20": {
   "JPEG": {
    "114.212.81.11": {
     "0.2": {
      "0.2": 0.009221170491319318,
      "0.3": 0.009097308175176589
     },
     "0.3": {
      "0.2": 0.009548429108450888,
      "0.3": 0.009722264004156005
     }
    },
    "172.27.151.145": {
     "0.2": {
      "0.2": 0.022049727042516024,
      "0.3": 0.023148937103075824
     },
     "0.3": {
      "0.2": 0.025330317698843068,
      "0.3": 0.026381643116474108
     }
    }
   }
  },
  "30": {
   "JPEG": {
    "114.212.81.11": {
     "0.2": {
      "0.2": 0.010319666564464524,
      "0.3": 0.010447378511781999
     },
     "0.3": {
      "0.2": 0.010448051661979818,
      "0.3": 0.010458207749701121
     }
    },
    "172.27.151.145": {
     "0.2": {
      "0.2": 0.02719753150698501,
      "0.3": 0.0297133088111877
     },
     "0.3": {
      "0.2": 0.03515533164695453,
      "0.3": 0.03611646890640254
     }
    }
   }
  }
 }
}