{
 "360p": {
  "1": {
   "JPEG": {
    "114.212.81.11": {
     "1.0": {
      "0.05": 0,
      "0.1": 0,
      "0.15": 0,
      "0.2": 0,
      "0.25": 0.00459563310329724,
      "0.3": 0,
      "0.35": 0.006873698968153701,
      "0.4": 0,
      "0.45": 0,
      "0.5": 0,
      "0.55": 0,
      "0.6": 0,
      "0.65": 0,
      "0.7": 0,
      "0.75": 0,
      "0.8": 0,
      "0.85": 0,
      "0.9": 0,
      "0.95": 0,
      "1.0": 0
     }
    },
    "172.27.151.145": {
     "1.0": {
      "0.05": 0,
      "0.1": 0,
      "0.15": 0,
      "0.2": 0.00256973413320684,
      "0.25": 0.0015168831898615,
      "0.3": 0.00175469655257,
      "0.35": 0,
      "0.4": 0,
      "0.45": 0,
      "0.5": 0,
      "0.55": 0,
      "0.6": 0,
      "0.65": 0,
      "0.7": 0,
      "0.75": 0,
      "0.8": 0,
      "0.85": 0,
      "0.9": 0,
      "0.95": 0,
      "1.0": 0
     }
    }
   }
  },
  "5": {
   "JPEG": {
    "114.212.81.11": {
     "1.0": {
      "0.05": 0,
      "0.1": 0,
      "0.15": 0,
      "0.2": 0.00639930168787632,
      "0.25": 0.0039979202319413605,
      "0.3": 0.007574617067972761,
      "0.35": 0,
      "0.4": 0.0049742348988850394,
      "0.45": 0,
      "0.5": 0,
      "0.55": 0,
      "0.6": 0,
      "0.65": 0,
      "0.7": 0,
      "0.75": 0,
      "0.8": 0,
      "0.85": 0,
      "0.9": 0,
      "0.95": 0,
      "1.0": 0
     }
    },
    "172.27.151.145": {
     "1.0": {
      "0.05": 0,
      "0.1": 0,
      "0.15": 0,
      "0.2": 0,
      "0.25": 0.00958819389343256,
      "0.3": 0,
      "0.35": 0.014286160469055101,
      "0.4": 0,
      "0.45": 0,
      "0.5": 0,
      "0.55": 0,
      "0.6": 0,
      "0.65": 0,
      "0.7": 0,
      "0.75": 0,
      "0.8": 0,
      "0.85": 0,
      "0.9": 0,
      "0.95": 0,
      "1.0": 0
     }
    }
   }
  },
  "10": {
   "JPEG": {
    "114.212.81.11": {
     "1.0": {
      "0.05": 0,
      "0.1": 0,
      "0.15": 0,
      "0.2": 0.00716760953267412,
      "0.25": 0.005195424801263999,
      "0.3": 0.0074008703231810994,
      "0.35": 0,
      "0.4": 0,
      "0.45": 0,
      "0.5": 0,
      "0.55": 0,
      "0.6": 0,
      "0.65": 0,
      "0.7": 0,
      "0.75": 0,
      "0.8": 0,
      "0.85": 0,
      "0.9": 0,
      "0.95": 0,
      "1.0": 0
     }
    },
    "172.27.151.145": {
     "1.0": {
      "0.05": 0,
      "0.1": 0,
      "0.15": 0.01322473287582394,
      "0.2": 0.014652383327484097,
      "0.25": 0,
      "0.3": 0,
      "0.35": 0.01587864094310332,
      "0.4": 0,
      "0.45": 0,
      "0.5": 0,
      "0.55": 0,
      "0.6": 0,
      "0.65": 0,
      "0.7": 0,
      "0.75": 0,
      "0.8": 0,
      "0.85": 0,
      "0.9": 0,
      "0.95": 0,
      "1.0": 0
     }
    }
   }
  },
  "20": {
   "JPEG": {
    "114.212.81.11": {
     "1.0": {
      "0.05": 0,
      "0.1": 0,
      "0.15": 0.009583822886149038,
      "0.2": 0.008823569615681929,
      "0.25": 0,
      "0.3": 0.00911527474721268,
      "0.35": 0,
      "0.4": 0.00893196264902746,
      "0.45": 0,
      "0.5": 0,
      "0.55": 0,
      "0.6": 0,
      "0.65": 0,
      "0.7": 0,
      "0.75": 0,
      "0.8": 0,
      "0.85": 0,
      "0.9": 0,
      "0.95": 0,
      "1.0": 0
     }
    },
    "172.27.151.145": {
     "1.0": {
      "0.05": 0,
      "0.1": 0,
      "0.15": 0.018659273783365838,
      "0.2": 0.019460034370422322,
      "0.25": 0,
      "0.3": 0.0172443738350501,
      "0.35": 0.018999028205871498,
      "0.4": 0,
      "0.45": 0,
      "0.5": 0,
      "0.55": 0,
      "0.6": 0,
      "0.65": 0,
      "0.7": 0,
      "0.75": 0,
      "0.8": 0,
      "0.85": 0,
      "0.9": 0,
      "0.95": 0,
      "1.0": 0
     }
    }
   }
  },
  "30": {
   "JPEG": {
    "114.212.81.11": {
     "1.0": {
      "0.05": 0,
      "0.1": 0,
      "0.15": 0,
      "0.2": 0.007620175068195021,
      "0.25": 0,
      "0.3": 0,
      "0.35": 0.01004101700252952,
      "0.4": 0,
      "0.45": 0,
      "0.5": 0,
      "0.55": 0,
      "0.6": 0,
      "0.65": 0,
      "0.7": 0,
      "0.75": 0,
      "0.8": 0,
      "0.85": 0,
      "0.9": 0,
      "0.95": 0,
      "1.0": 0
     }
    },
    "172.27.151.145": {
     "1.0": {
      "0.05": 0,
      "0.1": 0,
      "0.15": 0,
      "0.2": 0,
      "0.25": 0,
      "0.3": 0,
      "0.35": 0.01912210782368973,
      "0.4": 0,
      "0.45": 0,
      "0.5": 0,
      "0.55": 0,
      "0.6": 0,
      "0.65": 0,
      "0.7": 0,
      "0.75": 0,
      "0.8": 0,
      "0.85": 0,
      "0.9": 0,
      "0.95": 0,
      "1.0": 0
     }
    }
   }
  }
 },
 "480p": {
  "1": {
   "JPEG": {
    "114.212.81.11": {
     "1.0": {
      "0.05": 0,
      "0.1": 0,
      "0.15": 0,
      "0.2": 0.0031097986147953197,
      "0.25": 0.005694309778702509,
      "0.3": 0,
      "0.35": 0.00437058852269096,
      "0.4": 0,
      "0.45": 0,
      "0.5": 0,
      "0.55": 0,
      "0.6": 0,
      "0.65": 0,
      "0.7": 0,
      "0.75": 0,
      "0.8": 0,
      "0.85": 0,
      "0.9": 0,
      "0.95": 0,
      "1.0": 0
     }
    },
    "172.27.151.145": {
     "1.0": {
      "0.05": 0,
      "0.1": 0,
      "0.15": 0.0104215660462012,
      "0.2": 0.01851824894929542,
      "0.25": 0.009117993574876021,
      "0.3": 0.006428722662803419,
      "0.35": 0.00794661638064256,
      "0.4": 0.0016843080520629,
      "0.45": 0,
      "0.5": 0,
      "0.55": 0,
      "0.6": 0,
      "0.65": 0,
      "0.7": 0,
      "0.75": 0,
      "0.8": 0,
      "0.85": 0,
      "0.9": 0,
      "0.95": 0,
      "1.0": 0
     }
    }
   }
  },
  "5": {
   "JPEG": {
    "114.212.81.11": {
     "1.0": {
      "0.05": 0,
      "0.1": 0,
      "0.15": 0,
      "0.2": 0.00552991549173985,
      "0.25": 0,
      "0.3": 0,
      "0.35": 0,
      "0.4": 0,
      "0.45": 0,
      "0.5": 0,
      "0.55": 0,
      "0.6": 0,
      "0.65": 0,
      "0.7": 0,
      "0.75": 0,
      "0.8": 0,
      "0.85": 0,
      "0.9": 0,
      "0.95": 0,
      "1.0": 0
     }
    },
    "172.27.151.145": {
     "1.0": {
      "0.05": 0,
      "0.1": 0,
      "0.15": 0.01622820181724348,
      "0.2": 0.018523462613423622,
      "0.25": 0.00991431676424461,
      "0.3": 0,
      "0.35": 0.0093437830607096,
      "0.4": 0,
      "0.45": 0,
      "0.5": 0,
      "0.55": 0,
      "0.6": 0,
      "0.65": 0,
      "0.7": 0,
      "0.75": 0,
      "0.8": 0,
      "0.85": 0,
      "0.9": 0,
      "0.95": 0,
      "1.0": 0
     }
    }
   }
  },
  "10": {
   "JPEG": {
    "114.212.81.11": {
     "1.0": {
      "0.05": 0,
      "0.1": 0,
      "0.15": 0,
      "0.2": 0.00587130784988398,
      "0.25": 0,
      "0.3": 0.0056640449242713505,
      "0.35": 0.00552175045013424,
      "0.4": 0,
      "0.45": 0,
      "0.5": 0,
      "0.55": 0,
      "0.6": 0,
      "0.65": 0,
      "0.7": 0,
      "0.75": 0,
      "0.8": 0,
      "0.85": 0,
      "0.9": 0,
      "0.95": 0,
      "1.0": 0
     }
    },
    "172.27.151.145": {
     "1.0": {
      "0.05": 0,
      "0.1": 0,
      "0.15": 0.01945912705527407,
      "0.2": 0,
      "0.25": 0,
      "0.3": 0.017908779780069942,
      "0.35": 0,
      "0.4": 0,
      "0.45": 0,
      "0.5": 0,
      "0.55": 0,
      "0.6": 0,
      "0.65": 0,
      "0.7": 0,
      "0.75": 0,
      "0.8": 0,
      "0.85": 0,
      "0.9": 0,
      "0.95": 0,
      "1.0": 0
     }
    }
   }
  },
  "20": {
   "JPEG": {
    "114.212.81.11": {
     "1.0": {
      "0.05": 0,
      "0.1": 0,
      "0.15": 0,
      "0.2": 0.0172842741012573,
      "0.25": 0,
      "0.3": 0.007670342005216121,
      "0.35": 0.01032880147298173,
      "0.4": 0,
      "0.45": 0,
      "0.5": 0,
      "0.55": 0,
      "0.6": 0,
      "0.65": 0,
      "0.7": 0,
      "0.75": 0,
      "0.8": 0,
      "0.85": 0,
      "0.9": 0,
      "0.95": 0,
      "1.0": 0
     }
    },
    "172.27.151.145": {
     "1.0": {
      "0.05": 0,
      "0.1": 0,
      "0.15": 0.03216996559729938,
      "0.2": 0.01941662629445388,
      "0.25": 0.02332335557693086,
      "0.3": 0,
      "0.35": 0.019628291557996662,
      "0.4": 0,
      "0.45": 0,
      "0.5": 0,
      "0.55": 0,
      "0.6": 0,