{
 "360p": {
  "20": {
   "JPEG": {
    "114.212.81.11": {
     "0.2": {
      "0.2": 0.06393345972386796,
      "0.3": 0.062266478171715336
     },
     "0.3": {
      "0.2": 0.06234837256795987,
      "0.3": 0.06339638406394889
     }
    },
    "172.27.151.145": {
     "0.2": {
      "0.2": 0.27143677729594556,
      "0.3": 0.23489831521259089
     },
     "0.3": {
      "0.2": 0.17952407613585264,
      "0.3": 0.17753027031819024
     }
    }
   }
  },
  "30": {
   "JPEG": {
    "114.212.81.11": {
     "0.2": {
      "0.2": 0.06209789431144177,
      "0.3": 0.06445419184769252
     },
     "0.3": {
      "0.2": 0.06728168770118992,
      "0.3": 0.06612731082529957
     }
    },
    "172.27.151.145": {
     "0.2": {
      "0.2": 0.26995737850666046,
      "0.3": 0.2689850065443251
     },
     "0.3": {
      "0.2": 0.2053830186022988,
      "0.3": 0.20047009140253066
     }
    }
   }
  }
 },
 "480p": {
  "20": {
   "JPEG": {
    "114.212.81.11": {
     "0.2": {
      "0.2": 0.056536140824169,
      "0.3": 0.0576944014964959
     },
     "0.3": {
      "0.2": 0.05802689301661953,
      "0.3": 0.0586359482185513
     }
    },
    "172.27.151.145": {
     "0.2": {
      "0.2": 0.2610885163148244,
      "0.3": 0.26561071249000123
     },
     "0.3": {
      "0.2": 0.2011210821632646,
      "0.3": 0.201871868596977
     }
    }
   }
  },
  "30": {
   "JPEG": {
    "114.212.81.11": {
     "0.2": {
      "0.2": 0.06479681680599843,
      "0.3": 0.06541039472744785
     },
     "0.3": {
      "0.2": 0.0659253060817718,
      "0.3": 0.0662806426422505
     }
    },
    "172.27.151.145": {
     "0.2": {
      "0.2": 0.32685014605522156,
      "0.3": 0.3325831383466721
     },
     "0.3": {
      "0.2": 0.25566489032552214,
      "0.3": 0.2554478880799847
     }
    }
   }
  }
 }
}