{
 "360p": {
  "1": {
   "JPEG": {
    "114.212.81.11": {
     "1.0": {
      "0.05": 0,
      "0.1": 0,
      "0.15": 0,
      "0.2": 0,
      "0.25": 0.024329739350538938,
      "0.3": 0,
      "0.35": 0.03565179237952594,
      "0.4": 0,
      "0.45": 0,
      "0.5": 0,
      "0.55": 0,
      "0.6": 0,
      "0.65": 0,
      "0.7": 0,
      "0.75": 0,
      "0.8": 0,
      "0.85": 0,
      "0.9": 0,
      "0.95": 0,
      "1.0": 0
     }
    },
    "172.27.151.145": {
     "1.0": {
      "0.05": 0,
      "0.1": 0,
      "0.15": 0,
      "0.2": 0.007456163259652921,
      "0.25": 0.005916613798875,
      "0.3": 0.0064188975554246,
      "0.35": 0,
      "0.4": 0,
      "0.45": 0,
      "0.5": 0,
      "0.55": 0,
      "0.6": 0,
      "0.65": 0,
      "0.7": 0,
      "0.75": 0,
      "0.8": 0,
      "0.85": 0,
      "0.9": 0,
      "0.95": 0,
      "1.0": 0
     }
    }
   }
  },
  "5": {
   "JPEG": {
    "114.212.81.11": {
     "1.0": {
      "0.05": 0,
      "0.1": 0,
      "0.15": 0,
      "0.2": 0.032535950342814104,
      "0.25": 0.02192730903625486,
      "0.3": 0.044480328559875444,
      "0.35": 0,
      "0.4": 0.037501169840494716,
      "0.45": 0,
      "0.5": 0,
      "0.55": 0,
      "0.6": 0,
      "0.65": 0,
      "0.7": 0,
      "0.75": 0,
      "0.8": 0,
      "0.85": 0,
      "0.9": 0,
      "0.95": 0,
      "1.0": 0
     }
    },
    "172.27.151.145": {
     "1.0": {
      "0.05": 0,
      "0.1": 0,
      "0.15": 0,
      "0.2": 0,
      "0.25": 0.025933980941772423,
      "0.3": 0,
      "0.35": 0.05320774714152012,
      "0.4": 0,
      "0.45": 0,
      "0.5": 0,
      "0.55": 0,
      "0.6": 0,
      "0.65": 0,
      "0.7": 0,
      "0.75": 0,
      "0.8": 0,
      "0.85": 0,
      "0.9": 0,
      "0.95": 0,
      "1.0": 0
     }
    }
   }
  },
  "10": {
   "JPEG": {
    "114.212.81.11": {
     "1.0": {
      "0.05": 0,
      "0.1": 0,
      "0.15": 0,
      "0.2": 0.05757042566935218,
      "0.25": 0.030484442527477517,
      "0.3": 0.05581708351771034,
      "0.35": 0,
      "0.4": 0,
      "0.45": 0,
      "0.5": 0,
      "0.55": 0,
      "0.6": 0,
      "0.65": 0,
      "0.7": 0,
      "0.75": 0,
      "0.8": 0,
      "0.85": 0,
      "0.9": 0,
      "0.95": 0,
      "1.0": 0
     }
    },
    "172.27.151.145": {
     "1.0": {
      "0.05": 0,
      "0.1": 0,
      "0.15": 0.06489439010620113,
      "0.2": 0.055733799934387186,
      "0.25": 0,
      "0.3": 0,
      "0.35": 0.05623984336853022,
      "0.4": 0,
      "0.45": 0,
      "0.5": 0,
      "0.55": 0,
      "0.6": 0,
      "0.65": 0,
      "0.7": 0,
      "0.75": 0,
      "0.8": 0,
      "0.85": 0,
      "0.9": 0,
      "0.95": 0,
      "1.0": 0
     }
    }
   }
  },
  "20": {
   "JPEG": {
    "114.212.81.11": {
     "1.0": {
      "0.05": 0,
      "0.1": 0,
      "0.15": 0.052942625681559205,
      "0.2": 0.04532712896664934,
      "0.25": 0,
      "0.3": 0.058597715695699014,
      "0.35": 0,
      "0.4": 0.05386576255162553,
      "0.45": 0,
      "0.5": 0,
      "0.55": 0,
      "0.6": 0,
      "0.65": 0,
      "0.7": 0,
      "0.75": 0,
      "0.8": 0,
      "0.85": 0,
      "0.9": 0,
      "0.95": 0,
      "1.0": 0
     }
    },
    "172.27.151.145": {
     "1.0": {
      "0.05": 0,
      "0.1": 0,
      "0.15": 0.07243691285451251,
      "0.2": 0.08463301658630366,
      "0.25": 0,
      "0.3": 0.07246082746065574,
      "0.35": 0.06425042947133379,
      "0.4": 0,
      "0.45": 0,
      "0.5": 0,
      "0.55": 0,
      "0.6": 0,
      "0.65": 0,
      "0.7": 0,
      "0.75": 0,
      "0.8": 0,
      "0.85": 0,
      "0.9": 0,
      "0.95": 0,
      "1.0": 0
     }
    }
   }
  },
  "30": {
   "JPEG": {
    "114.212.81.11": {
     "1.0": {
      "0.05": 0,
      "0.1": 0,
      "0.15": 0,
      "0.2": 0.040839237433213396,
      "0.25": 0,
      "0.3": 0,
      "0.35": 0.052378344535827584,
      "0.4": 0,
      "0.45": 0,
      "0.5": 0,
      "0.55": 0,
      "0.6": 0,
      "0.65": 0,
      "0.7": 0,
      "0.75": 0,
      "0.8": 0,
      "0.85": 0,
      "0.9": 0,
      "0.95": 0,
      "1.0": 0
     }
    },
    "172.27.151.145": {
     "1.0": {
      "0.05": 0,
      "0.1": 0,
      "0.15": 0,
      "0.2": 0,
      "0.25": 0,
      "0.3": 0,
      "0.35": 0.06935329437255856,
      "0.4": 0,
      "0.45": 0,
      "0.5": 0,
      "0.55": 0,
      "0.6": 0,
      "0.65": 0,
      "0.7": 0,
      "0.75": 0,
      "0.8": 0,
      "0.85": 0,
      "0.9": 0,
      "0.95": 0,
      "1.0": 0
     }
    }
   }
  }
 },
 "480p": {
  "1": {
   "JPEG": {
    "114.212.81.11": {
     "1.0": {
      "0.05": 0,
      "0.1": 0,
      "0.15": 0,
      "0.2": 0.01739885238500738,
      "0.25": 0.02618114190223884,
      "0.3": 0,
      "0.35": 0.03499875776060331,
      "0.4": 0,
      "0.45": 0,
      "0.5": 0,
      "0.55": 0,
      "0.6": 0,
      "0.65": 0,
      "0.7": 0,
      "0.75": 0,
      "0.8": 0,
      "0.85": 0,
      "0.9": 0,
      "0.95": 0,
      "1.0": 0
     }
    },
    "172.27.151.145": {
     "1.0": {
      "0.05": 0,
      "0.1": 0,
      "0.15": 0.038507219644693204,
      "0.2": 0.037309420047662176,
      "0.25": 0.0474804797539344,
      "0.3": 0.026520340198125558,
      "0.35": 0.04788418072920576,
      "0.4": 0.0067775799677922,
      "0.45": 0,
      "0.5": 0,
      "0.55": 0,
      "0.6": 0,
      "0.65": 0,
      "0.7": 0,
      "0.75": 0,
      "0.8": 0,
      "0.85": 0,
      "0.9": 0,
      "0.95": 0,
      "1.0": 0
     }
    }
   }
  },
  "5": {
   "JPEG": {
    "114.212.81.11": {
     "1.0": {
      "0.05": 0,
      "0.1": 0,
      "0.15": 0,
      "0.2": 0.02849988619486487,
      "0.25": 0,
      "0.3": 0,
      "0.35": 0,
      "0.4": 0,
      "0.45": 0,
      "0.5": 0,
      "0.55": 0,
      "0.6": 0,
      "0.65": 0,
      "0.7": 0,
      "0.75": 0,
      "0.8": 0,
      "0.85": 0,
      "0.9": 0,
      "0.95": 0,
      "1.0": 0
     }
    },
    "172.27.151.145": {
     "1.0": {
      "0.05": 0,
      "0.1": 0,
      "0.15": 0.05240628817142582,
      "0.2": 0.06657245953877763,
      "0.25": 0.03516947324459366,
      "0.3": 0,
      "0.35": 0.0278302828470865,
      "0.4": 0,
      "0.45": 0,
      "0.5": 0,
      "0.55": 0,
      "0.6": 0,
      "0.65": 0,
      "0.7": 0,
      "0.75": 0,
      "0.8": 0,
      "0.85": 0,
      "0.9": 0,
      "0.95": 0,
      "1.0": 0
     }
    }
   }
  },
  "10": {
   "JPEG": {
    "114.212.81.11": {
     "1.0": {
      "0.05": 0,
      "0.1": 0,
      "0.15": 0,
      "0.2": 0.03907458384831742,
      "0.25": 0,
      "0.3": 0.036214167185318724,
      "0.35": 0.03781069517135616,
      "0.4": 0,
      "0.45": 0,
      "0.5": 0,
      "0.55": 0,
      "0.6": 0,
      "0.65": 0,
      "0.7": 0,
      "0.75": 0,
      "0.8": 0,
      "0.85": 0,
      "0.9": 0,
      "0.95": 0,
      "1.0": 0
     }
    },
    "172.27.151.145": {
     "1.0": {
      "0.05": 0,
      "0.1": 0,
      "0.15": 0.0753503216637505,
      "0.2": 0,
      "0.25": 0,
      "0.3": 0.06979928016662593,
      "0.35": 0,
      "0.4": 0,
      "0.45": 0,
      "0.5": 0,
      "0.55": 0,
      "0.6": 0,
      "0.65": 0,
      "0.7": 0,
      "0.75": 0,
      "0.8": 0,
      "0.85": 0,
      "0.9": 0,
      "0.95": 0,
      "1.0": 0
     }
    }
   }
  },
  "20": {
   "JPEG": {
    "114.212.81.11": {
     "1.0": {
      "0.05": 0,
      "0.1": 0,
      "0.15": 0,
      "0.2": 0.05756530761718744,
      "0.25": 0,
      "0.3": 0.04804548116830674,
      "0.35": 0.05943713585535683,
      "0.4": 0,
      "0.45": 0,
      "0.5": 0,
      "0.55": 0,
      "0.6": 0,
      "0.65": 0,
      "0.7": 0,
      "0.75": 0,
      "0.8": 0,
      "0.85": 0,
      "0.9": 0,
      "0.95": 0,
      "1.0": 0
     }
    },
    "172.27.151.145": {
     "1.0": {
      "0.05": 0,
      "0.1": 0,
      "0.15": 0.08075437545776365,
      "0.2": 0.07911260128021236,
      "0.25": 0.07689093657028977,
      "0.3": 0,
      "0.35": 0.07206063820765565,
      "0.4": 0,
      "0.45": 0,
      "0.5": 0,
      "0.55": 0,
      "0.6": 0,