{
 "360p": {
  "1": {
   "JPEG": {
    "114.212.81.11": 0.0009938732782999176,
    "172.27.143.164": 0.0030489370185547687,
    "172.27.151.145": 0
   }
  },
  "5": {
   "JPEG": {
    "114.212.81.11": 0.00400273005167639,
    "172.27.143.164": 0.01053267120296115,
    "172.27.151.145": 0.04599082867304479
   }
  },
  "10": {
   "JPEG": {
    "114.212.81.11": 0,
    "172.27.143.164": 0.016349018333304603,
    "172.27.151.145": 0
   }
  },
  "20": {
   "JPEG": {
    "114.212.81.11": 0.0075690394792800805,
    "172.27.143.164": 0.023596429824829058,
    "172.27.151.145": 0
   }
  },
  "30": {
   "JPEG": {
    "114.212.81.11": 0.009319444497426301,
    "172.27.143.164": 0.02266580875103286,
    "172.27.151.145": 0
   }
  }
 },
 "480p": {
  "1": {
   "JPEG": {
    "114.212.81.11": 0,
    "172.27.143.164": 0,
    "172.27.151.145": 0.002890964062550079
   }
  },
  "5": {
   "JPEG": {
    "114.212.81.11": 0.05008600751558934,
    "172.27.143.164": 0,
    "172.27.151.145": 0
   }
  },
  "10": {
   "JPEG": {
    "114.212.81.11": 0,
    "172.27.143.164": 0,
    "172.27.151.145": 0.013021199214152759
   }
  },
  "20": {
   "JPEG": {
    "114.212.81.11": 0,
    "172.27.143.164": 0,
    "172.27.151.145": 0.02117888132731116
   }
  },
  "30": {
   "JPEG": {
    "114.212.81.11": 0,
    "172.27.143.164": 0.04393519805027884,
    "172.27.151.145": 0.019989220912639848
   }
  }
 },
 "720p": {
  "1": {
   "JPEG": {
    "114.212.81.11": 0,
    "172.27.143.164": 0.00221243729958162,
    "172.27.151.145": 0.0025879361232121227
   }
  },
  "5": {
   "JPEG": {
    "114.212.81.11": 0,
    "172.27.143.164": 0.01147689421971634,
    "172.27.151.145": 0
   }
  },
  "10": {
   "JPEG": {
    "114.212.81.11": 0.006873424847920681,
    "172.27.143.164": 0.019770306348800604,
    "172.27.151.145": 0
   }
  },
  "20": {
   "JPEG": {
    "114.212.81.11": 0,
    "172.27.143.164": 0,
    "172.27.151.145": 0
   }
  },
  "30": {
   "JPEG": {
    "114.212.81.11": 0,
    "172.27.143.164": 0,
    "172.27.151.145": 0
   }
  }
 },
 "1080p": {
  "1": {
   "JPEG": {
    "114.212.81.11": 0,
    "172.27.143.164": 0.0034819930027692263,
    "172.27.151.145": 0
   }
  },
  "5": {
   "JPEG": {
    "114.212.81.11": 0,
    "172.27.143.164": 0,
    "172.27.151.145": 0
   }
  },
  "10": {
   "JPEG": {
    "114.212.81.11": 0,
    "172.27.143.164": 0.017624151706695502,
    "172.27.151.145": 0
   }
  },
  "20": {
   "JPEG": {
    "114.212.81.11": 0.00938230752944942,
    "172.27.143.164": 0.02301882902781163,
    "172.27.151.145": 0
   }
  },
  "30": {
   "JPEG": {
    "114.212.81.11": 0,
    "172.27.143.164": 0.02806837650445787,
    "172.27.151.145": 0
   }
  }
 }
}