{
 "360p": {
  "20": {
   "JPEG": {
    "114.212.81.11": {
     "0.2": {
      "0.2": 0.06668210611110775,
      "0.3": 0.06833368896419162
     },
     "0.3": {
      "0.2": 0.06613033816097223,
      "0.3": 0.06761120374386123
     }
    },
    "172.27.151.145": {
     "0.2": {
      "0.2": 0.08411162312020729,
      "0.3": 0.08382036094743056
     },
     "0.3": {
      "0.2": 0.07177688602656751,
      "0.3": 0.07200523167848583
     }
    }
   }
  },
  "30": {
   "JPEG": {
    "114.212.81.11": {
     "0.2": {
      "0.2": 0.07540522092654377,
      "0.3": 0.07732632341264165
     },
     "0.3": {
      "0.2": 0.08029025130801726,
      "0.3": 0.08008904245835312
     }
    },
    "172.27.151.145": {
     "0.2": {
      "0.2": 0.09305891990661616,
      "0.3": 0.10120772138053984
     },
     "0.3": {
      "0.2": 0.08026614672021017,
      "0.3": 0.08489858955144877
     }
    }
   }
  }
 },
 "480p": {
  "20": {
   "JPEG": {
    "114.212.81.11": {
     "0.2": {
      "0.2": 0.06850000474020396,
      "0.3": 0.06926153001622253
     },
     "0.3": {
      "0.2": 0.06953105559715854,
      "0.3": 0.06971686540865427
     }
    },
    "172.27.151.145": {
     "0.2": {
      "0.2": 0.09833619991938268,
      "0.3": 0.10568926907792874
     },
     "0.3": {
      "0.2": 0.08901529077790737,
      "0.3": 0.09777189402216406
     }
    }
   }
  },
  "30": {
   "JPEG": {
    "114.212.81.11": {
     "0.2": {
      "0.2": 0.06771980424722032,
      "0.3": 0.06840043892095114
     },
     "0.3": {
      "0.2": 0.06669648885726924,
      "0.3": 0.06710958933528462
     }
    },
    "172.27.151.145": {
     "0.2": {
      "0.2": 0.13456591963768,
      "0.3": 0.1395944863557815
     },
     "0.3": {
      "0.2": 0.1280788590636434,
      "0.3": 0.13235837147559645
     }
    }
   }
  }
 }
}