{
 "360p": {
  "1": {
   "JPEG": {
    "114.212.81.11": {
     "1.0": {
      "1.0": 0.013538586634855961
     }
    },
    "172.27.132.253": {
     "1.0": {
      "1.0": 0.0049538410626924455
     }
    }
   }
  },
  "5": {
   "JPEG": {
    "114.212.81.11": {
     "1.0": {
      "1.0": 0.023430023926954962
     }
    },
    "172.27.132.253": {
     "1.0": {
      "1.0": 0.021084499359130808
     }
    }
   }
  },
  "10": {
   "JPEG": {
    "114.212.81.11": {
     "1.0": {
      "1.0": 0.03802757163842515
     }
    },
    "172.27.132.253": {
     "1.0": {
      "1.0": 0.036076907316843626
     }
    }
   }
  },
  "20": {
   "JPEG": {
    "114.212.81.11": {
     "1.0": {
      "1.0": 0.05500022172927852
     }
    },
    "172.27.132.253": {
     "1.0": {
      "1.0": 0.05737918615341181
     }
    }
   }
  },
  "30": {
   "JPEG": {
    "114.212.81.11": {
     "1.0": {
      "1.0": 0.06874186396598812
     }
    },
    "172.27.132.253": {
     "1.0": {
      "1.0": 0.06226708207811625
     }
    }
   }
  }
 },
 "480p": {
  "1": {
   "JPEG": {
    "114.212.81.11": {
     "1.0": {
      "1.0": 0.030344635821305744
     }
    },
    "172.27.132.253": {
     "1.0": {
      "1.0": 0.0057923880907204996
     }
    }
   }
  },
  "5": {
   "JPEG": {
    "114.212.81.11": {
     "1.0": {
      "1.0": 0.04361595710118607
     }
    },
    "172.27.132.253": {
     "1.0": {
      "1.0": 0.023874066878056134
     }
    }
   }
  },
  "10": {
   "JPEG": {
    "114.212.81.11": {
     "1.0": {
      "1.0": 0.06880313853422798
     }
    },
    "172.27.132.253": {
     "1.0": {
      "1.0": 0.043674320975939394
     }
    }
   }
  },
  "20": {
   "JPEG": {
    "114.212.81.11": {
     "1.0": {
      "1.0": 0.08278551461204647
     }
    },
    "172.27.132.253": {
     "1.0": {
      "1.0": 0.06785096327463783
     }
    }
   }
  },
  "30": {
   "JPEG": {
    "114.212.81.11": {
     "1.0": {
      "1.0": 0.08920246958732604
     }
    },
    "172.27.132.253": {
     "1.0": {
      "1.0": 0.0759140074253082
     }
    }
   }
  }
 },
 "720p": {
  "1": {
   "JPEG": {
    "114.212.81.11": {
     "1.0": {
      "1.0": 0.050929563822763695
     }
    },
    "172.27.132.253": {
     "1.0": {
      "1.0": 0.007786720991134595
     }
    }
   }
  },
  "5": {
   "JPEG": {
    "114.212.81.11": {
     "1.0": {
      "1.0": 0.05821648952288501
     }
    },
    "172.27.132.253": {
     "1.0": {
      "1.0": 0.040265303850173906
     }
    }
   }
  },
  "10": {
   "JPEG": {
    "114.212.81.11": {
     "1.0": {
      "1.0": 0.09192870159943894
     }
    },
    "172.27.132.253": {
     "1.0": {
      "1.0": 0.06146773497263584
     }
    }
   }
  },
  "20": {
   "JPEG": {
    "114.212.81.11": {
     "1.0": {
      "1.0": 0.11964364449183144
     }
    },
    "172.27.132.253": {
     "1.0": {
      "1.0": 0.09487978816032408
     }
    }
   }
  },
  "30": {
   "JPEG": {
    "114.212.81.11": {
     "1.0": {
      "1.0": 0.15400179624557495
     }
    },
    "172.27.132.253": {
     "1.0": {
      "1.0": 0.11329619288444517
     }
    }
   }
  }
 },
 "1080p": {
  "1": {
   "JPEG": {
    "114.212.81.11": {
     "1.0": {
      "1.0": 0.050382473997400846
     }
    },
    "172.27.132.253": {
     "1.0": {
      "1.0": 0.015230265947488589
     }
    }
   }
  },
  "5": {
   "JPEG": {
    "114.212.81.11": {
     "1.0": {
      "1.0": 0.0814089821546505
     }
    },
    "172.27.132.253": {
     "1.0": {
      "1.0": 0.058002674579620314
     }
    }
   }
  },
  "10": {
   "JPEG": {
    "114.212.81.11": {
     "1.0": {
      "1.0": 0.15291729470094043
     }
    },
    "172.27.132.253": {
     "1.0": {
      "1.0": 0.10665304164091745
     }
    }
   }
  },
  "20": {
   "JPEG": {
    "114.212.81.11": {
     "1.0": {
      "1.0": 0.2069658160209656
     }
    },
    "172.27.132.253": {
     "1.0": {
      "1.0": 0.19976660211881
     }
    }
   }
  },
  "30": {
   "JPEG": {
    "114.212.81.11": {
     "1.0": {
      "1.0": 0.2483138144016266
     }
    },
    "172.27.132.253": {
     "1.0": {
      "1.0": 0.1899263322353363
     }
    }
   }
  }
 }
}