{
 "360p": {
  "1": {
   "JPEG": {
    "114.212.81.11": {
     "1.0": {
      "0.05": 0,
      "0.1": 0,
      "0.15": 0,
      "0.2": 0,
      "0.25": 0.0054037736012385,
      "0.3": 0.026792627573013286,
      "0.35": 0,
      "0.4": 0.0386017700342031,
      "0.45": 0,
      "0.5": 0,
      "0.55": 0,
      "0.6": 0,
      "0.65": 0,
      "0.7": 0,
      "0.75": 0,
      "0.8": 0,
      "0.85": 0,
      "0.9": 0,
      "0.95": 0,
      "1.0": 0
     }
    },
    "172.27.151.145": {
     "1.0": {
      "0.05": 0,
      "0.1": 0,
      "0.15": 0,
      "0.2": 0,
      "0.25": 0,
      "0.3": 0.0055347314247718,
      "0.35": 0,
      "0.4": 0,
      "0.45": 0,
      "0.5": 0,
      "0.55": 0,
      "0.6": 0,
      "0.65": 0,
      "0.7": 0,
      "0.75": 0,
      "0.8": 0,
      "0.85": 0,
      "0.9": 0,
      "0.95": 0,
      "1.0": 0
     }
    }
   }
  },
  "5": {
   "JPEG": {
    "114.212.81.11": {
     "1.0": {
      "0.05": 0,
      "0.1": 0,
      "0.15": 0,
      "0.2": 0,
      "0.25": 0.02965387625572004,
      "0.3": 0.02884334026238854,
      "0.35": 0.0312346522013346,
      "0.4": 0,
      "0.45": 0,
      "0.5": 0,
      "0.55": 0,
      "0.6": 0,
      "0.65": 0,
      "0.7": 0,
      "0.75": 0,
      "0.8": 0,
      "0.85": 0,
      "0.9": 0,
      "0.95": 0,
      "1.0": 0
     }
    },
    "172.27.151.145": {
     "1.0": {
      "0.05": 0,
      "0.1": 0,
      "0.15": 0,
      "0.2": 0.043226818243662486,
      "0.25": 0.02828258673350014,
      "0.3": 0,
      "0.35": 0.0403063106536865,
      "0.4": 0.03959337552388505,
      "0.45": 0,
      "0.5": 0,
      "0.55": 0,
      "0.6": 0,
      "0.65": 0,
      "0.7": 0,
      "0.75": 0,
      "0.8": 0,
      "0.85": 0,
      "0.9": 0,
      "0.95": 0,
      "1.0": 0
     }
    }
   }
  },
  "10": {
   "JPEG": {
    "114.212.81.11": {
     "1.0": {
      "0.05": 0,
      "0.1": 0,
      "0.15": 0,
      "0.2": 0.04498260021209712,
      "0.25": 0,
      "0.3": 0,
      "0.35": 0,
      "0.4": 0,
      "0.45": 0,
      "0.5": 0,
      "0.55": 0,
      "0.6": 0,
      "0.65": 0,
      "0.7": 0,
      "0.75": 0,
      "0.8": 0,
      "0.85": 0,
      "0.9": 0,
      "0.95": 0,
      "1.0": 0
     }
    },
    "172.27.151.145": {
     "1.0": {
      "0.05": 0,
      "0.1": 0,
      "0.15": 0,
      "0.2": 0.052667446931203156,
      "0.25": 0.042373895339476705,
      "0.3": 0,
      "0.35": 0.05624194145202632,
      "0.4": 0.0371683835983276,
      "0.45": 0,
      "0.5": 0,
      "0.55": 0,
      "0.6": 0,
      "0.65": 0,
      "0.7": 0,
      "0.75": 0,
      "0.8": 0,
      "0.85": 0,
      "0.9": 0,
      "0.95": 0,
      "1.0": 0
     }
    }
   }
  },
  "20": {
   "JPEG": {
    "114.212.81.11": {
     "1.0": {
      "0.05": 0,
      "0.1": 0,
      "0.15": 0,
      "0.2": 0.07377192179361976,
      "0.25": 0.07702603340148921,
      "0.3": 0,
      "0.35": 0.061929510189936685,
      "0.4": 0,
      "0.45": 0,
      "0.5": 0,
      "0.55": 0,
      "0.6": 0,
      "0.65": 0,
      "0.7": 0,
      "0.75": 0,
      "0.8": 0,
      "0.85": 0,
      "0.9": 0,
      "0.95": 0,
      "1.0": 0
     }
    },
    "172.27.151.145": {
     "1.0": {
      "0.05": 0,
      "0.1": 0,
      "0.15": 0,
      "0.2": 0.06427339712778724,
      "0.25": 0.07003417015075679,
      "0.3": 0.06648888587951657,
      "0.35": 0,
      "0.4": 0.06545293728510534,
      "0.45": 0,
      "0.5": 0,
      "0.55": 0,
      "0.6": 0,
      "0.65": 0,
      "0.7": 0,
      "0.75": 0,
      "0.8": 0,
      "0.85": 0,
      "0.9": 0,
      "0.95": 0,
      "1.0": 0
     }
    }
   }
  },
  "30": {
   "JPEG": {
    "114.212.81.11": {
     "1.0": {
      "0.05": 0,
      "0.1": 0,
      "0.15": 0,
      "0.2": 0,
      "0.25": 0.05349711088033819,
      "0.3": 0,
      "0.35": 0.06941772500673926,
      "0.4": 0,
      "0.45": 0,
      "0.5": 0,
      "0.55": 0,
      "0.6": 0,
      "0.65": 0,
      "0.7": 0,
      "0.75": 0,
      "0.8": 0,
      "0.85": 0,
      "0.9": 0,
      "0.95": 0,
      "1.0": 0
     }
    },
    "172.27.151.145": {
     "1.0": {
      "0.05": 0,
      "0.1": 0,
      "0.15": 0,
      "0.2": 0,
      "0.25": 0,
      "0.3": 0,
      "0.35": 0.06498359839121497,
      "0.4": 0.0689225594202677,
      "0.45": 0,
      "0.5": 0,
      "0.55": 0,
      "0.6": 0,
      "0.65": 0,
      "0.7": 0,
      "0.75": 0,
      "0.8": 0,
      "0.85": 0,
      "0.9": 0,
      "0.95": 0,
      "1.0": 0
     }
    }
   }
  }
 },
 "480p": {
  "1": {
   "JPEG": {
    "114.212.81.11": {
     "1.0": {
      "0.05": 0,
      "0.1": 0,
      "0.15": 0,
      "0.2": 0.03625317573547358,
      "0.25": 0.030291570486166486,
      "0.3": 0.013673166169060554,
      "0.35": 0.042319471495492055,
      "0.4": 0.0290357229037162,
      "0.45": 0,
      "0.5": 0,
      "0.55": 0,
      "0.6": 0,
      "0.65": 0,
      "0.7": 0,
      "0.75": 0,
      "0.8": 0,
      "0.85": 0,
      "0.9": 0,
      "0.95": 0,
      "1.0": 0
     }
    },
    "172.27.151.145": {
     "1.0": {
      "0.05": 0,
      "0.1": 0,
      "0.15": 0,
      "0.2": 0.03728029782955458,
      "0.25": 0.031694117986238855,
      "0.3": 0,
      "0.35": 0,
      "0.4": 0.025330749689004298,
      "0.45": 0,
      "0.5": 0,
      "0.55": 0,
      "0.6": 0,
      "0.65": 0,
      "0.7": 0,
      "0.75": 0,
      "0.8": 0,
      "0.85": 0,
      "0.9": 0,
      "0.95": 0,
      "1.0": 0
     }
    }
   }
  },
  "5": {
   "JPEG": {
    "114.212.81.11": {
     "1.0": {
      "0.05": 0,
      "0.1": 0,
      "0.15": 0,
      "0.2": 0.033322345171219216,
      "0.25": 0.04395160675048824,
      "0.3": 0,
      "0.35": 0.0292971531550089,
      "0.4": 0,
      "0.45": 0,
      "0.5": 0,
      "0.55": 0,
      "0.6": 0,
      "0.65": 0,
      "0.7": 0,
      "0.75": 0,
      "0.8": 0,
      "0.85": 0,
      "0.9": 0,
      "0.95": 0,
      "1.0": 0
     }
    },
    "172.27.151.145": {
     "1.0": {
      "0.05": 0,
      "0.1": 0,
      "0.15": 0,
      "0.2": 0,
      "0.25": 0.027286877509875122,
      "0.3": 0.04557466983795162,
      "0.35": 0,
      "0.4": 0,
      "0.45": 0,
      "0.5": 0,
      "0.55": 0,
      "0.6": 0,
      "0.65": 0,
      "0.7": 0,
      "0.75": 0,
      "0.8": 0,
      "0.85": 0,
      "0.9": 0,
      "0.95": 0,
      "1.0": 0
     }
    }
   }
  },
  "10": {
   "JPEG": {
    "114.212.81.11": {
     "1.0": {
      "0.05": 0,
      "0.1": 0,
      "0.15": 0,
      "0.2": 0.05323448777198787,
      "0.25": 0.04949808518091832,
      "0.3": 0.040947367900457096,
      "0.35": 0,
      "0.4": 0.041062072912851945,
      "0.45": 0,
      "0.5": 0,
      "0.55": 0,
      "0.6": 0,
      "0.65": 0,
      "0.7": 0,
      "0.75": 0,
      "0.8": 0,
      "0.85": 0,
      "0.9": 0,
      "0.95": 0,
      "1.0": 0
     }
    },
    "172.27.151.145": {
     "1.0": {
      "0.05": 0,
      "0.1": 0,
      "0.15": 0,
      "0.2": 0.05262176593144731,
      "0.25": 0,
      "0.3": 0.04214251836140946,
      "0.35": 0.05765793720881139,
      "0.4": 0,
      "0.45": 0,
      "0.5": 0,
      "0.55": 0,
      "0.6": 0,
      "0.65": 0,
      "0.7": 0,
      "0.75": 0,
      "0.8": 0,
      "0.85": 0,
      "0.9": 0,
      "0.95": 0,
      "1.0": 0
     }
    }
   }
  },
  "20": {
   "JPEG": {
    "114.212.81.11": {
     "1.0": {
      "0.05": 0,
      "0.1": 0,
      "0.15": 0,
      "0.2": 0.06839417616526282,
      "0.25": 0.057450493176778104,
      "0.3": 0,
      "0.35": 0.06206517749362518,
      "0.4": 0,
      "0.45": 0,
      "0.5": 0,
      "0.55": 0,
      "0.6": 0,
      "0.65": 0,
      "0.7": 0,
      "0.75": 0,
      "0.8": 0,
      "0.85": 0,
      "0.9": 0,
      "0.95": 0,
      "1.0": 0
     }
    },
    "172.27.151.145": {
     "1.0": {
      "0.05": 0,
      "0.1": 0,
      "0.15": 0,
      "0.2": 0.05910712388845587,
      "0.25": 0.060486777623494414,
      "0.3": 0,
      "0.35": 0.059783368844252324,
      "0.4": 0,
      "0.45": 0,
      "0.5": 0,
      "0.55": 0,
      "0.6": 0,
      "0.65": 0,
      "0.7": 0,