{
 "360p": {
  "1": {
   "JPEG": {
    "114.212.81.11": 0.005106706634545885,
    "172.27.143.164": 0.003245469421535683,
    "172.27.151.145": 0
   }
  },
  "5": {
   "JPEG": {
    "114.212.81.11": 0.01854556401570634,
    "172.27.143.164": 0.009762370983759507,
    "172.27.151.145": 0.023646167914072626
   }
  },
  "10": {
   "JPEG": {
    "114.212.81.11": 0,
    "172.27.143.164": 0.01808474221800123,
    "172.27.151.145": 0
   }
  },
  "20": {
   "JPEG": {
    "114.212.81.11": 0.035766727802080955,
    "172.27.143.164": 0.03249071240425106,
    "172.27.151.145": 0
   }
  },
  "30": {
   "JPEG": {
    "114.212.81.11": 0.03688240845998123,
    "172.27.143.164": 0.021042769077496592,
    "172.27.151.145": 0
   }
  }
 },
 "480p": {
  "1": {
   "JPEG": {
    "114.212.81.11": 0,
    "172.27.143.164": 0,
    "172.27.151.145": 0.012225028146535874
   }
  },
  "5": {
   "JPEG": {
    "114.212.81.11": 0.03185046513875321,
    "172.27.143.164": 0,
    "172.27.151.145": 0
   }
  },
  "10": {
   "JPEG": {
    "114.212.81.11": 0,
    "172.27.143.164": 0,
    "172.27.151.145": 0.0465229771076104
   }
  },
  "20": {
   "JPEG": {
    "114.212.81.11": 0,
    "172.27.143.164": 0,
    "172.27.151.145": 0.06463487148284908
   }
  },
  "30": {
   "JPEG": {
    "114.212.81.11": 0,
    "172.27.143.164": 0.025002579505626944,
    "172.27.151.145": 0.06852962603935824
   }
  }
 },
 "720p": {
  "1": {
   "JPEG": {
    "114.212.81.11": 0,
    "172.27.143.164": 0.00532716145882234,
    "172.27.151.145": 0.0160001815503988
   }
  },
  "5": {
   "JPEG": {
    "114.212.81.11": 0,
    "172.27.143.164": 0.027505250771840368,
    "172.27.151.145": 0
   }
  },
  "10": {
   "JPEG": {
    "114.212.81.11": 0.05905818343162533,
    "172.27.143.164": 0.04365349014600114,
    "172.27.151.145": 0
   }
  },
  "20": {
   "JPEG": {
    "114.212.81.11": 0,
    "172.27.143.164": 0,
    "172.27.151.145": 0
   }
  },
  "30": {
   "JPEG": {
    "114.212.81.11": 0,
    "172.27.143.164": 0,
    "172.27.151.145": 0
   }
  }
 },
 "1080p": {
  "1": {
   "JPEG": {
    "114.212.81.11": 0,
    "172.27.143.164": 0.012529221375783236,
    "172.27.151.145": 0
   }
  },
  "5": {
   "JPEG": {
    "114.212.81.11": 0,
    "172.27.143.164": 0,
    "172.27.151.145": 0
   }
  },
  "10": {
   "JPEG": {
    "114.212.81.11": 0,
    "172.27.143.164": 0.05999175707499181,
    "172.27.151.145": 0
   }
  },
  "20": {
   "JPEG": {
    "114.212.81.11": 0.12918020486831663,
    "172.27.143.164": 0.08641771872838333,
    "172.27.151.145": 0
   }
  },
  "30": {
   "JPEG": {
    "114.212.81.11": 0,
    "172.27.143.164": 0.11475971937179563,
    "172.27.151.145": 0
   }
  }
 }
}